CODIGO|PROCESO|FECHAINICIO|FECHAFIN|DURACION|SERVIDOR|ESTADO|FREC_EJECUCION|BASE_DATOS|                                                                                                                 
720|720_CONSULTACUENTAS|07/10/2026 05:01:41 PM|07/10/2026 05:01:43 PM|2s|TPBOG002|TERMINADO|DIARIO|MDE|                                                                                                 
720|720_CONSULTACUENTAS|07/10/2026 05:06:39 PM|07/10/2026 05:06:41 PM|2s|TPBOG002|TERMINADO|DIARIO|MDE|                                                                                                 
223|ACTUALIZA ESTADOS DE FACTURAS PAGADAS O CANCELADAS|07/10/2026 05:08:47 PM|07/10/2026 05:08:47 PM|0s|APBOG004|TERMINADO|DIARIO|APPNEPS|                                                              
220|GENERA FACTURAS PAC|07/10/2026 05:08:47 PM|07/10/2026 05:08:47 PM|0s|APBOG004|TERMINADO|DIARIO|APPNEPS|                                                                                             
496|GENERACION_REPORTE_SERVICIOS|07/10/2026 05:08:48 PM|07/10/2026 05:08:50 PM|2s|TPBOG001|TERMINADO|DIARIO|APPNEPS|                                                                                    
720|720_CONSULTACUENTAS|07/10/2026 05:11:39 PM|07/10/2026 05:11:41 PM|2s|TPBOG002|TERMINADO|DIARIO|MDE|                                                                                                 
730|ACT BANDEJA MASTER|07/10/2026 05:13:46 PM|07/10/2026 05:14:13 PM|27s|TPBOG001|TERMINADO|DIARIO|FAMISANA|                                                                                            
530|REPORTE GENERAL TUTELAS|07/10/2026 05:14:01 PM|07/10/2026 05:37:19 PM|23m 18s|TPBOG001|TERMINADO|DIARIO|APPNEPS|                                                                                    
720|720_CONSULTACUENTAS|07/10/2026 05:16:39 PM|07/10/2026 05:16:41 PM|2s|TPBOG002|TERMINADO|DIARIO|MDE|                                                                                                 
223|ACTUALIZA ESTADOS DE FACTURAS PAGADAS O CANCELADAS|07/10/2026 05:18:47 PM|07/10/2026 05:18:47 PM|0s|APBOG004|TERMINADO|DIARIO|APPNEPS|                                                              
220|GENERA FACTURAS PAC|07/10/2026 05:18:47 PM|07/10/2026 05:18:47 PM|0s|APBOG004|TERMINADO|DIARIO|APPNEPS|                                                                                             
720|720_CONSULTACUENTAS|07/10/2026 05:21:39 PM|07/10/2026 05:21:41 PM|2s|TPBOG002|TERMINADO|DIARIO|MDE|                                                                                                 
720|720_CONSULTACUENTAS|07/10/2026 05:26:39 PM|07/10/2026 05:26:41 PM|2s|TPBOG002|TERMINADO|DIARIO|MDE|                                                                                                 
303|MOVILIDAD PROGRAMADA|07/10/2026 05:28:45 PM|07/10/2026 05:30:26 PM|1m 41s|BDBOG001|TERMINADO|DIARIO|FAMISANA|                                                                                       
547|JOB_EXT_PLANO_UDEA_RUN|07/10/2026 05:28:46 PM|07/10/2026 05:28:47 PM|1s|TPBOG001|TERMINADO|DIARIO|MDE|                                                                                              
724|CARGUE NOVEDADES SAT|07/10/2026 05:28:46 PM|07/10/2026 05:28:50 PM|4s|TPBOG001|TERMINADO|DIARIO|FAMISANA|                                                                                           
222|PASO DE FACTURAS POR INTERFAZ A APOTEOSYS|07/10/2026 05:28:47 PM|07/10/2026 05:28:48 PM|1s|APBOG004|TERMINADO|DIARIO|APPNEPS|                                                                       
223|ACTUALIZA ESTADOS DE FACTURAS PAGADAS O CANCELADAS|07/10/2026 05:28:47 PM|07/10/2026 05:28:48 PM|1s|APBOG004|TERMINADO|DIARIO|APPNEPS|                                                              
270|CARGA MAPIISSUPC|07/10/2026 05:28:47 PM|07/10/2026 05:28:49 PM|2s|APBOG004|TERMINADO|DIARIO|APPNEPS|                                                                                                
220|GENERA FACTURAS PAC|07/10/2026 05:28:47 PM|07/10/2026 05:28:48 PM|1s|APBOG004|TERMINADO|DIARIO|APPNEPS|                                                                                             
730|ACT BANDEJA MASTER|07/10/2026 05:28:47 PM|07/10/2026 05:29:18 PM|31s|TPBOG001|TERMINADO|DIARIO|FAMISANA|                                                                                            
562|ACTUALIZACION ENTIDADES DIRECCIONAMIENTO|07/10/2026 05:28:48 PM|07/10/2026 05:28:57 PM|9s|TPBOG001|TERMINADO|DIARIO|APPNEPS|                                                                        
55|TAREA_4_CARGUESUPCV5|07/10/2026 05:28:48 PM|07/10/2026 05:28:49 PM|1s|APBOG004|TERMINADO|DIARIO|APPNEPS|                                                                                             
271|DESCARGUE MAPISSSUPC|07/10/2026 05:28:48 PM|07/10/2026 05:28:49 PM|1s|APBOG004|TERMINADO|DIARIO|APPNEPS|                                                                                            
720|720_CONSULTACUENTAS|07/10/2026 05:31:39 PM|07/10/2026 05:31:41 PM|2s|TPBOG002|TERMINADO|DIARIO|MDE|                                                                                                 
720|720_CONSULTACUENTAS|07/10/2026 05:36:39 PM|07/10/2026 05:36:41 PM|2s|TPBOG002|TERMINADO|DIARIO|MDE|                                                                                                 
223|ACTUALIZA ESTADOS DE FACTURAS PAGADAS O CANCELADAS|07/10/2026 05:38:47 PM|07/10/2026 05:38:47 PM|0s|APBOG004|TERMINADO|DIARIO|APPNEPS|                                                              
220|GENERA FACTURAS PAC|07/10/2026 05:38:47 PM|07/10/2026 05:38:47 PM|0s|APBOG004|TERMINADO|DIARIO|APPNEPS|                                                                                             
720|720_CONSULTACUENTAS|07/10/2026 05:41:39 PM|07/10/2026 05:41:41 PM|2s|TPBOG002|TERMINADO|DIARIO|MDE|                                                                                                 
730|ACT BANDEJA MASTER|07/10/2026 05:43:46 PM|07/10/2026 05:44:17 PM|31s|TPBOG001|TERMINADO|DIARIO|FAMISANA|                                                                                            
720|720_CONSULTACUENTAS|07/10/2026 05:46:39 PM|07/10/2026 05:46:41 PM|2s|TPBOG002|TERMINADO|DIARIO|MDE|                                                                                                 
220|GENERA FACTURAS PAC|07/10/2026 05:48:47 PM|07/10/2026 05:48:47 PM|0s|APBOG004|TERMINADO|DIARIO|APPNEPS|                                                                                             
223|ACTUALIZA ESTADOS DE FACTURAS PAGADAS O CANCELADAS|07/10/2026 05:48:47 PM|07/10/2026 05:48:47 PM|0s|APBOG004|TERMINADO|DIARIO|APPNEPS|                                                              
720|720_CONSULTACUENTAS|07/10/2026 05:51:39 PM|07/10/2026 05:51:41 PM|2s|TPBOG002|TERMINADO|DIARIO|MDE|                                                                                                 
720|720_CONSULTACUENTAS|07/10/2026 05:56:39 PM|07/10/2026 05:56:41 PM|2s|TPBOG002|TERMINADO|DIARIO|MDE|                                                                                                 
730|ACT BANDEJA MASTER|07/10/2026 05:58:46 PM|07/10/2026 05:59:19 PM|33s|TPBOG001|TERMINADO|DIARIO|FAMISANA|                                                                                            
354|MOVILIDAD DNP|07/10/2026 05:58:46 PM|07/10/2026 05:58:51 PM|5s|TPBOG001|TERMINADO|DIARIO|FAMISANA|                                                                                                  
147|ARCHIVOS PARA COLSUBSIDIO|07/10/2026 05:58:46 PM|07/10/2026 06:01:14 PM|2m 28s|BDBOG001|TERMINADO|DIARIO|FAMISANA|                                                                                  
142|VERIFICADOR DE NOVEDADES|07/10/2026 05:58:46 PM|07/10/2026 07:18:25 PM|1h 19m 39s|BDBOG001|TERMINADO|DIARIO|FAMISANA|                                                                               
134|GESTION|07/10/2026 05:58:46 PM|07/10/2026 06:00:20 PM|1m 34s|BDBOG001|TERMINADO|DIARIO|FAMISANA|                                                                                                    
547|JOB_EXT_PLANO_UDEA_RUN|07/10/2026 05:58:46 PM|07/10/2026 05:58:47 PM|1s|TPBOG001|TERMINADO|DIARIO|MDE|                                                                                              
303|MOVILIDAD PROGRAMADA|07/10/2026 05:58:46 PM|07/10/2026 06:00:41 PM|1m 55s|BDBOG001|TERMINADO|DIARIO|FAMISANA|                                                                                       
223|ACTUALIZA ESTADOS DE FACTURAS PAGADAS O CANCELADAS|07/10/2026 05:58:47 PM|07/10/2026 05:58:48 PM|1s|APBOG004|TERMINADO|DIARIO|APPNEPS|                                                              
270|CARGA MAPIISSUPC|07/10/2026 05:58:47 PM|07/10/2026 05:58:48 PM|1s|APBOG004|TERMINADO|DIARIO|APPNEPS|                                                                                                
222|PASO DE FACTURAS POR INTERFAZ A APOTEOSYS|07/10/2026 05:58:47 PM|07/10/2026 05:58:48 PM|1s|APBOG004|TERMINADO|DIARIO|APPNEPS|                                                                       
220|GENERA FACTURAS PAC|07/10/2026 05:58:47 PM|07/10/2026 05:58:48 PM|1s|APBOG004|TERMINADO|DIARIO|APPNEPS|                                                                                             
482|ACTUALIZACION_REGISTRADA_ENVIADA|07/10/2026 05:58:48 PM|07/10/2026 06:01:08 PM|2m 20s|TPBOG001|TERMINADO|DIARIO|PR_BATCH|                                                                           
271|DESCARGUE MAPISSSUPC|07/10/2026 05:58:48 PM|07/10/2026 05:58:49 PM|1s|APBOG004|TERMINADO|DIARIO|APPNEPS|                                                                                            
695|CARGUE_TABLAS_INFORMACION|07/10/2026 05:58:48 PM|07/10/2026 05:58:49 PM|1s|TPBOG001|TERMINADO|DIARIO|PR_BATCH|                                                                                      
599|REPORTE REP_DATOS_DISPENSACION|07/10/2026 05:58:48 PM|07/10/2026 05:58:55 PM|7s|TPBOG001|TERMINADO|DIARIO|BI|                                                                                       
582|REP_REGIONALES_DIRECC|07/10/2026 05:58:48 PM|07/10/2026 06:56:02 PM|57m 14s|TPBOG001|TERMINADO|DIARIO|FAMISANA|                                                                                     
55|TAREA_4_CARGUESUPCV5|07/10/2026 05:58:48 PM|07/10/2026 05:58:49 PM|1s|APBOG004|TERMINADO|DIARIO|APPNEPS|                                                                                             
688|REP_FACT_PROCESA_REEMBOLSO|07/10/2026 05:58:49 PM|07/10/2026 05:59:16 PM|27s|TPBOG001|TERMINADO|DIARIO|FAMISANA|                                                                                    
629|RPTE_DIARIO_MALLA_LICENCIAS|07/10/2026 05:58:49 PM|07/10/2026 08:44:51 PM|2h 46m 2s|TPBOG001|TERMINADO|DIARIO|FAMISANA|                                                                             
373|ACT ESTADO GRIC|07/10/2026 05:58:53 PM|07/10/2026 05:59:14 PM|21s|FSBOG001|TERMINADO|DIARIO|FAMISANA|                                                                                               
720|720_CONSULTACUENTAS|07/10/2026 06:01:39 PM|07/10/2026 06:01:41 PM|2s|TPBOG002|TERMINADO|DIARIO|MDE|                                                                                                 
720|720_CONSULTACUENTAS|07/10/2026 06:06:39 PM|07/10/2026 06:06:41 PM|2s|TPBOG002|TERMINADO|DIARIO|MDE|                                                                                                 
357|MOVILIDAD RETIROS|07/10/2026 06:08:47 PM|07/10/2026 06:09:29 PM|42s|FSBOG001|TERMINADO|DIARIO|FAMISANA|                                                                                             
220|GENERA FACTURAS PAC|07/10/2026 06:08:47 PM|07/10/2026 06:08:47 PM|0s|APBOG004|TERMINADO|DIARIO|APPNEPS|                                                                                             
223|ACTUALIZA ESTADOS DE FACTURAS PAGADAS O CANCELADAS|07/10/2026 06:08:47 PM|07/10/2026 06:08:47 PM|0s|APBOG004|TERMINADO|DIARIO|APPNEPS|                                                              
720|720_CONSULTACUENTAS|07/10/2026 06:11:39 PM|07/10/2026 06:11:41 PM|2s|TPBOG002|TERMINADO|DIARIO|MDE|                                                                                                 
730|ACT BANDEJA MASTER|07/10/2026 06:13:46 PM|07/10/2026 06:14:14 PM|28s|TPBOG001|TERMINADO|DIARIO|FAMISANA|                                                                                            
720|720_CONSULTACUENTAS|07/10/2026 06:16:39 PM|07/10/2026 06:16:41 PM|2s|TPBOG002|TERMINADO|DIARIO|MDE|                                                                                                 
223|ACTUALIZA ESTADOS DE FACTURAS PAGADAS O CANCELADAS|07/10/2026 06:18:47 PM|07/10/2026 06:18:47 PM|0s|APBOG004|TERMINADO|DIARIO|APPNEPS|                                                              
220|GENERA FACTURAS PAC|07/10/2026 06:18:47 PM|07/10/2026 06:18:47 PM|0s|APBOG004|TERMINADO|DIARIO|APPNEPS|                                                                                             
720|720_CONSULTACUENTAS|07/10/2026 06:21:39 PM|07/10/2026 06:21:41 PM|2s|TPBOG002|TERMINADO|DIARIO|MDE|                                                                                                 
720|720_CONSULTACUENTAS|07/10/2026 06:26:39 PM|07/10/2026 06:26:41 PM|2s|TPBOG002|TERMINADO|DIARIO|MDE|                                                                                                 
547|JOB_EXT_PLANO_UDEA_RUN|07/10/2026 06:28:46 PM|07/10/2026 06:28:47 PM|1s|TPBOG001|TERMINADO|DIARIO|MDE|                                                                                              
303|MOVILIDAD PROGRAMADA|07/10/2026 06:28:46 PM|07/10/2026 06:30:35 PM|1m 49s|BDBOG001|TERMINADO|DIARIO|FAMISANA|                                                                                       
355|MOVILIDAD EPSS37|07/10/2026 06:28:46 PM|07/10/2026 06:28:53 PM|7s|TPBOG001|TERMINADO|DIARIO|FAMISANA|                                                                                               
730|ACT BANDEJA MASTER|07/10/2026 06:28:46 PM|07/10/2026 06:29:33 PM|47s|TPBOG001|TERMINADO|DIARIO|FAMISANA|                                                                                            
222|PASO DE FACTURAS POR INTERFAZ A APOTEOSYS|07/10/2026 06:28:47 PM|07/10/2026 06:28:47 PM|0s|APBOG004|TERMINADO|DIARIO|APPNEPS|                                                                       
271|DESCARGUE MAPISSSUPC|07/10/2026 06:28:47 PM|07/10/2026 06:28:48 PM|1s|APBOG004|TERMINADO|DIARIO|APPNEPS|                                                                                            
223|ACTUALIZA ESTADOS DE FACTURAS PAGADAS O CANCELADAS|07/10/2026 06:28:47 PM|07/10/2026 06:28:47 PM|0s|APBOG004|TERMINADO|DIARIO|APPNEPS|                                                              
270|CARGA MAPIISSUPC|07/10/2026 06:28:47 PM|07/10/2026 06:28:48 PM|1s|APBOG004|TERMINADO|DIARIO|APPNEPS|                                                                                                
55|TAREA_4_CARGUESUPCV5|07/10/2026 06:28:47 PM|07/10/2026 06:28:49 PM|2s|APBOG004|TERMINADO|DIARIO|APPNEPS|                                                                                             
220|GENERA FACTURAS PAC|07/10/2026 06:28:47 PM|07/10/2026 06:28:47 PM|0s|APBOG004|TERMINADO|DIARIO|APPNEPS|                                                                                             
441|ACTUALIZA_TIPO_ANEXO_TUTELA|07/10/2026 06:28:48 PM|07/10/2026 06:28:52 PM|4s|TPBOG001|TERMINADO|DIARIO|FAMISANA|                                                                                    
445|REPORTE_INFORME_DIARIO_AUT|07/10/2026 06:29:36 PM|07/10/2026 06:41:42 PM|12m 6s|TPBOG001|TERMINADO|DIARIO|FAMISANA|                                                                                 
720|720_CONSULTACUENTAS|07/10/2026 06:31:39 PM|07/10/2026 06:31:41 PM|2s|TPBOG002|TERMINADO|DIARIO|MDE|                                                                                                 
720|720_CONSULTACUENTAS|07/10/2026 06:36:39 PM|07/10/2026 06:36:41 PM|2s|TPBOG002|TERMINADO|DIARIO|MDE|                                                                                                 
223|ACTUALIZA ESTADOS DE FACTURAS PAGADAS O CANCELADAS|07/10/2026 06:38:47 PM|07/10/2026 06:38:47 PM|0s|APBOG004|TERMINADO|DIARIO|APPNEPS|                                                              
220|GENERA FACTURAS PAC|07/10/2026 06:38:47 PM|07/10/2026 06:38:47 PM|0s|APBOG004|TERMINADO|DIARIO|APPNEPS|                                                                                             
720|720_CONSULTACUENTAS|07/10/2026 06:41:39 PM|07/10/2026 06:41:41 PM|2s|TPBOG002|TERMINADO|DIARIO|MDE|                                                                                                 
356|MOVILIDAD EPSS41|07/10/2026 06:43:46 PM|07/10/2026 06:43:53 PM|7s|FSBOG001|TERMINADO|DIARIO|FAMISANA|                                                                                               
730|ACT BANDEJA MASTER|07/10/2026 06:43:46 PM|07/10/2026 06:44:16 PM|30s|TPBOG001|TERMINADO|DIARIO|FAMISANA|                                                                                            
720|720_CONSULTACUENTAS|07/10/2026 06:46:39 PM|07/10/2026 06:46:41 PM|2s|TPBOG002|TERMINADO|DIARIO|MDE|                                                                                                 
220|GENERA FACTURAS PAC|07/10/2026 06:48:47 PM|07/10/2026 06:48:47 PM|0s|APBOG004|TERMINADO|DIARIO|APPNEPS|                                                                                             
223|ACTUALIZA ESTADOS DE FACTURAS PAGADAS O CANCELADAS|07/10/2026 06:48:47 PM|07/10/2026 06:48:47 PM|0s|APBOG004|TERMINADO|DIARIO|APPNEPS|                                                              
720|720_CONSULTACUENTAS|07/10/2026 06:51:39 PM|07/10/2026 06:51:41 PM|2s|TPBOG002|TERMINADO|DIARIO|MDE|                                                                                                 
720|720_CONSULTACUENTAS|07/10/2026 06:56:39 PM|07/10/2026 06:56:41 PM|2s|TPBOG002|TERMINADO|DIARIO|MDE|                                                                                                 
262|CARGA DIGITACION RAPIDA|07/10/2026 06:58:45 PM|07/10/2026 07:00:55 PM|2m 10s|FSBOG001|TERMINADO|DIARIO|FAMISANA|                                                                                    
303|MOVILIDAD PROGRAMADA|07/10/2026 06:58:45 PM|07/10/2026 07:01:05 PM|2m 20s|BDBOG001|TERMINADO|DIARIO|FAMISANA|                                                                                       
152|AFINOCOMP|07/10/2026 06:58:45 PM|08/10/2026 02:30:40 AM|7h 31m 55s|BDBOG001|TERMINADO|DIARIO|FAMISANA|                                                                                              
722|CARGUE PROCESO SAT|07/10/2026 06:58:46 PM|07/10/2026 06:58:48 PM|2s|TPBOG001|TERMINADO|POR SOLICITUD|FAMISANA|                                                                                      
547|JOB_EXT_PLANO_UDEA_RUN|07/10/2026 06:58:46 PM|07/10/2026 06:58:47 PM|1s|TPBOG001|TERMINADO|DIARIO|MDE|                                                                                              
730|ACT BANDEJA MASTER|07/10/2026 06:58:47 PM|07/10/2026 06:59:17 PM|30s|TPBOG001|TERMINADO|DIARIO|FAMISANA|                                                                                            
526|TXT_COVID4|07/10/2026 06:58:47 PM|07/10/2026 06:58:53 PM|6s|TPBOG001|TERMINADO|DIARIO|APPNEPS|                                                                                                      
577|REP_CAMBIO_IPS_DIARIO|07/10/2026 06:58:47 PM|07/10/2026 06:58:49 PM|2s|TPBOG001|TERMINADO|DIARIO|FAMISANA|                                                                                          
220|GENERA FACTURAS PAC|07/10/2026 06:58:47 PM|07/10/2026 06:58:47 PM|0s|APBOG004|TERMINADO|DIARIO|APPNEPS|                                                                                             
55|TAREA_4_CARGUESUPCV5|07/10/2026 06:58:47 PM|07/10/2026 06:58:49 PM|2s|APBOG004|TERMINADO|DIARIO|APPNEPS|                                                                                             
270|CARGA MAPIISSUPC|07/10/2026 06:58:47 PM|07/10/2026 06:58:48 PM|1s|APBOG004|TERMINADO|DIARIO|APPNEPS|                                                                                                
223|ACTUALIZA ESTADOS DE FACTURAS PAGADAS O CANCELADAS|07/10/2026 06:58:47 PM|07/10/2026 06:58:47 PM|0s|APBOG004|TERMINADO|DIARIO|APPNEPS|                                                              
271|DESCARGUE MAPISSSUPC|07/10/2026 06:58:47 PM|07/10/2026 06:58:49 PM|2s|APBOG004|TERMINADO|DIARIO|APPNEPS|                                                                                            
222|PASO DE FACTURAS POR INTERFAZ A APOTEOSYS|07/10/2026 06:58:47 PM|07/10/2026 06:58:48 PM|1s|APBOG004|TERMINADO|DIARIO|APPNEPS|                                                                       
8|AFILIADOSPARAPYP|07/10/2026 06:58:53 PM|07/10/2026 08:43:25 PM|1h 44m 32s|FSBOG001|TERMINADO|DIARIO|FAMISANA|                                                                                         
720|720_CONSULTACUENTAS|07/10/2026 07:01:39 PM|07/10/2026 07:01:41 PM|2s|TPBOG002|TERMINADO|DIARIO|MDE|                                                                                                 
720|720_CONSULTACUENTAS|07/10/2026 07:06:39 PM|07/10/2026 07:06:41 PM|2s|TPBOG002|TERMINADO|DIARIO|MDE|                                                                                                 
223|ACTUALIZA ESTADOS DE FACTURAS PAGADAS O CANCELADAS|07/10/2026 07:08:46 PM|07/10/2026 07:08:47 PM|1s|APBOG004|TERMINADO|DIARIO|APPNEPS|                                                              
220|GENERA FACTURAS PAC|07/10/2026 07:08:47 PM|07/10/2026 07:08:47 PM|0s|APBOG004|TERMINADO|DIARIO|APPNEPS|                                                                                             
720|720_CONSULTACUENTAS|07/10/2026 07:11:39 PM|07/10/2026 07:11:41 PM|2s|TPBOG002|TERMINADO|DIARIO|MDE|                                                                                                 
730|ACT BANDEJA MASTER|07/10/2026 07:13:46 PM|07/10/2026 07:14:21 PM|35s|TPBOG001|TERMINADO|DIARIO|FAMISANA|                                                                                            
720|720_CONSULTACUENTAS|07/10/2026 07:16:39 PM|07/10/2026 07:16:41 PM|2s|TPBOG002|TERMINADO|DIARIO|MDE|                                                                                                 
223|ACTUALIZA ESTADOS DE FACTURAS PAGADAS O CANCELADAS|07/10/2026 07:18:46 PM|07/10/2026 07:18:47 PM|1s|APBOG004|TERMINADO|DIARIO|APPNEPS|                                                              
220|GENERA FACTURAS PAC|07/10/2026 07:18:46 PM|07/10/2026 07:18:47 PM|1s|APBOG004|TERMINADO|DIARIO|APPNEPS|                                                                                             
720|720_CONSULTACUENTAS|07/10/2026 07:21:39 PM|07/10/2026 07:21:41 PM|2s|TPBOG002|TERMINADO|DIARIO|MDE|                                                                                                 
720|720_CONSULTACUENTAS|07/10/2026 07:26:39 PM|07/10/2026 07:26:41 PM|2s|TPBOG002|TERMINADO|DIARIO|MDE|                                                                                                 
304|BACKUP ENTERPRISE ARCHITECT|07/10/2026 07:28:45 PM|07/10/2026 07:28:46 PM|1s|APBOG006|TERMINADO|DIARIO|EA - MYSQL|                                                                                  
724|CARGUE NOVEDADES SAT|07/10/2026 07:28:46 PM|07/10/2026 07:28:48 PM|2s|TPBOG001|TERMINADO|DIARIO|FAMISANA|                                                                                           
303|MOVILIDAD PROGRAMADA|07/10/2026 07:28:46 PM|07/10/2026 07:30:28 PM|1m 42s|BDBOG001|TERMINADO|DIARIO|FAMISANA|                                                                                       
223|ACTUALIZA ESTADOS DE FACTURAS PAGADAS O CANCELADAS|07/10/2026 07:28:46 PM|07/10/2026 07:28:47 PM|1s|APBOG004|TERMINADO|DIARIO|APPNEPS|                                                              
270|CARGA MAPIISSUPC|07/10/2026 07:28:46 PM|07/10/2026 07:28:48 PM|2s|APBOG004|TERMINADO|DIARIO|APPNEPS|                                                                                                
160|RETIROS MASIVOS|07/10/2026 07:28:46 PM|07/10/2026 07:30:27 PM|1m 41s|BDBOG001|TERMINADO|DIARIO|FAMISANA|                                                                                            
547|JOB_EXT_PLANO_UDEA_RUN|07/10/2026 07:28:46 PM|07/10/2026 07:28:47 PM|1s|TPBOG001|TERMINADO|DIARIO|MDE|                                                                                              
220|GENERA FACTURAS PAC|07/10/2026 07:28:46 PM|07/10/2026 07:28:47 PM|1s|APBOG004|TERMINADO|DIARIO|APPNEPS|                                                                                             
730|ACT BANDEJA MASTER|07/10/2026 07:28:46 PM|07/10/2026 07:29:13 PM|27s|TPBOG001|TERMINADO|DIARIO|FAMISANA|                                                                                            
55|TAREA_4_CARGUESUPCV5|07/10/2026 07:28:47 PM|07/10/2026 07:28:48 PM|1s|APBOG004|TERMINADO|DIARIO|APPNEPS|                                                                                             
271|DESCARGUE MAPISSSUPC|07/10/2026 07:28:47 PM|07/10/2026 07:28:48 PM|1s|APBOG004|TERMINADO|DIARIO|APPNEPS|                                                                                            
222|PASO DE FACTURAS POR INTERFAZ A APOTEOSYS|07/10/2026 07:28:47 PM|07/10/2026 07:28:47 PM|0s|APBOG004|TERMINADO|DIARIO|APPNEPS|                                                                       
720|720_CONSULTACUENTAS|07/10/2026 07:31:39 PM|07/10/2026 07:31:41 PM|2s|TPBOG002|TERMINADO|DIARIO|MDE|                                                                                                 
720|720_CONSULTACUENTAS|07/10/2026 07:36:39 PM|07/10/2026 07:36:41 PM|2s|TPBOG002|TERMINADO|DIARIO|MDE|                                                                                                 
223|ACTUALIZA ESTADOS DE FACTURAS PAGADAS O CANCELADAS|07/10/2026 07:38:46 PM|07/10/2026 07:38:47 PM|1s|APBOG004|TERMINADO|DIARIO|APPNEPS|                                                              
220|GENERA FACTURAS PAC|07/10/2026 07:38:46 PM|07/10/2026 07:38:47 PM|1s|APBOG004|TERMINADO|DIARIO|APPNEPS|                                                                                             
720|720_CONSULTACUENTAS|07/10/2026 07:41:39 PM|07/10/2026 07:41:41 PM|2s|TPBOG002|TERMINADO|DIARIO|MDE|                                                                                                 
730|ACT BANDEJA MASTER|07/10/2026 07:43:46 PM|07/10/2026 07:44:17 PM|31s|TPBOG001|TERMINADO|DIARIO|FAMISANA|                                                                                            
301|AUTORIZACIONES DE MEDICAMENTOS - ETICOS SERRANO|07/10/2026 07:43:47 PM|07/10/2026 07:44:10 PM|23s|APBOG006|TERMINADO|DIARIO|FAMISANA|                                                               
720|720_CONSULTACUENTAS|07/10/2026 07:46:39 PM|07/10/2026 07:46:41 PM|2s|TPBOG002|TERMINADO|DIARIO|MDE|                                                                                                 
223|ACTUALIZA ESTADOS DE FACTURAS PAGADAS O CANCELADAS|07/10/2026 07:48:48 PM|07/10/2026 07:48:49 PM|1s|APBOG004|TERMINADO|DIARIO|APPNEPS|                                                              
220|GENERA FACTURAS PAC|07/10/2026 07:48:48 PM|07/10/2026 07:48:49 PM|1s|APBOG004|TERMINADO|DIARIO|APPNEPS|                                                                                             
720|720_CONSULTACUENTAS|07/10/2026 07:51:41 PM|07/10/2026 07:51:43 PM|2s|TPBOG002|TERMINADO|DIARIO|MDE|                                                                                                 
720|720_CONSULTACUENTAS|07/10/2026 07:56:41 PM|07/10/2026 07:56:43 PM|2s|TPBOG002|TERMINADO|DIARIO|MDE|                                                                                                 
303|MOVILIDAD PROGRAMADA|07/10/2026 07:58:47 PM|07/10/2026 08:00:29 PM|1m 42s|BDBOG001|TERMINADO|DIARIO|FAMISANA|                                                                                       
271|DESCARGUE MAPISSSUPC|07/10/2026 07:58:48 PM|07/10/2026 07:58:50 PM|2s|APBOG004|TERMINADO|DIARIO|APPNEPS|                                                                                            
354|MOVILIDAD DNP|07/10/2026 07:58:48 PM|07/10/2026 07:58:52 PM|4s|TPBOG001|TERMINADO|DIARIO|FAMISANA|                                                                                                  
223|ACTUALIZA ESTADOS DE FACTURAS PAGADAS O CANCELADAS|07/10/2026 07:58:48 PM|07/10/2026 07:58:48 PM|0s|APBOG004|TERMINADO|DIARIO|APPNEPS|                                                              
222|PASO DE FACTURAS POR INTERFAZ A APOTEOSYS|07/10/2026 07:58:48 PM|07/10/2026 07:58:49 PM|1s|APBOG004|TERMINADO|DIARIO|APPNEPS|                                                                       
730|ACT BANDEJA MASTER|07/10/2026 07:58:48 PM|07/10/2026 07:59:18 PM|30s|TPBOG001|TERMINADO|DIARIO|FAMISANA|                                                                                            
220|GENERA FACTURAS PAC|07/10/2026 07:58:48 PM|07/10/2026 07:58:49 PM|1s|APBOG004|TERMINADO|DIARIO|APPNEPS|                                                                                             
547|JOB_EXT_PLANO_UDEA_RUN|07/10/2026 07:58:48 PM|07/10/2026 07:58:49 PM|1s|TPBOG001|TERMINADO|DIARIO|MDE|                                                                                              
270|CARGA MAPIISSUPC|07/10/2026 07:58:48 PM|07/10/2026 07:58:50 PM|2s|APBOG004|TERMINADO|DIARIO|APPNEPS|                                                                                                
55|TAREA_4_CARGUESUPCV5|07/10/2026 07:58:49 PM|07/10/2026 07:58:50 PM|1s|APBOG004|TERMINADO|DIARIO|APPNEPS|                                                                                             
576|REP_DIRECCIONAMIENTO|07/10/2026 07:58:50 PM|07/10/2026 08:57:21 PM|58m 31s|TPBOG001|TERMINADO|DIARIO|APPNEPS|                                                                                       
690|REP_FACT_ACUERDO_PAGO|07/10/2026 07:58:50 PM|07/10/2026 10:59:04 PM|3h 14s|TPBOG001|TERMINADO|DIARIO|FAMISANA|                                                                                      
361|DESCARGUE MIPRES 3951|07/10/2026 07:58:51 PM|07/10/2026 07:59:01 PM|10s|TPBOG001|TERMINADO|DIARIO|PR_BATCH|                                                                                         
436|NUEVO_PLANTA|07/10/2026 07:58:51 PM|07/10/2026 07:58:52 PM|1s|TPBOG001|TERMINADO|DIARIO|FAMISANA|                                                                                                   
88|AFILIADO XIQ|07/10/2026 07:58:51 PM|08/10/2026 05:52:01 AM|9h 53m 10s|TPBOG001|TERMINADO|DIARIO|FAMISANA|                                                                                            
587|PREVALIDACION|07/10/2026 07:58:51 PM|07/10/2026 08:47:57 PM|49m 6s|TPBOG001|TERMINADO|DIARIO|FAMISANA|                                                                                              
243|AUTORIZACIONES DE MEDICAMENTOS - AUDIFARMA|07/10/2026 07:59:49 PM|07/10/2026 08:00:30 PM|41s|APBOG006|TERMINADO|DIARIO|FAMISANA|                                                                    
720|720_CONSULTACUENTAS|07/10/2026 08:01:41 PM|07/10/2026 08:01:44 PM|3s|TPBOG002|TERMINADO|DIARIO|MDE|                                                                                                 
243|AUTORIZACIONES DE MEDICAMENTOS - AUDIFARMA|07/10/2026 08:04:49 PM|07/10/2026 08:05:15 PM|26s|APBOG006|TERMINADO|DIARIO|FAMISANA|                                                                    
720|720_CONSULTACUENTAS|07/10/2026 08:06:41 PM|07/10/2026 08:06:43 PM|2s|TPBOG002|TERMINADO|DIARIO|MDE|                                                                                                 
220|GENERA FACTURAS PAC|07/10/2026 08:08:48 PM|07/10/2026 08:08:48 PM|0s|APBOG004|TERMINADO|DIARIO|APPNEPS|                                                                                             
223|ACTUALIZA ESTADOS DE FACTURAS PAGADAS O CANCELADAS|07/10/2026 08:08:48 PM|07/10/2026 08:08:48 PM|0s|APBOG004|TERMINADO|DIARIO|APPNEPS|                                                              
720|720_CONSULTACUENTAS|07/10/2026 08:11:41 PM|07/10/2026 08:11:43 PM|2s|TPBOG002|TERMINADO|DIARIO|MDE|                                                                                                 
730|ACT BANDEJA MASTER|07/10/2026 08:13:48 PM|07/10/2026 08:14:21 PM|33s|TPBOG001|TERMINADO|DIARIO|FAMISANA|                                                                                            
244|AUTORIZACIONES DE MEDICAMENTOS - COLSUBSIDIO|07/10/2026 08:13:49 PM|07/10/2026 08:14:33 PM|44s|TPBOG001|TERMINADO|DIARIO|FAMISANA|                                                                  
249|AUTORIZACIONES DE MEDICAMENTOS - CAFAM|07/10/2026 08:13:49 PM|07/10/2026 08:13:52 PM|3s|TPBOG001|TERMINADO|DIARIO|FAMISANA|                                                                         
720|720_CONSULTACUENTAS|07/10/2026 08:16:41 PM|07/10/2026 08:16:43 PM|2s|TPBOG002|TERMINADO|DIARIO|MDE|                                                                                                 
220|GENERA FACTURAS PAC|07/10/2026 08:18:48 PM|07/10/2026 08:18:48 PM|0s|APBOG004|TERMINADO|DIARIO|APPNEPS|                                                                                             
223|ACTUALIZA ESTADOS DE FACTURAS PAGADAS O CANCELADAS|07/10/2026 08:18:48 PM|07/10/2026 08:18:48 PM|0s|APBOG004|TERMINADO|DIARIO|APPNEPS|                                                              
720|720_CONSULTACUENTAS|07/10/2026 08:21:41 PM|07/10/2026 08:21:43 PM|2s|TPBOG002|TERMINADO|DIARIO|MDE|                                                                                                 
720|720_CONSULTACUENTAS|07/10/2026 08:26:41 PM|07/10/2026 08:26:43 PM|2s|TPBOG002|TERMINADO|DIARIO|MDE|                                                                                                 
164|VM_NEPS_TOTAL_DOCPEND|07/10/2026 08:28:47 PM|07/10/2026 08:28:51 PM|4s|BDBOG001|TERMINADO|DIARIO|FAMISANA|                                                                                          
303|MOVILIDAD PROGRAMADA|07/10/2026 08:28:47 PM|07/10/2026 08:30:28 PM|1m 41s|BDBOG001|TERMINADO|DIARIO|FAMISANA|                                                                                       
270|CARGA MAPIISSUPC|07/10/2026 08:28:48 PM|07/10/2026 08:28:50 PM|2s|APBOG004|TERMINADO|DIARIO|APPNEPS|                                                                                                
547|JOB_EXT_PLANO_UDEA_RUN|07/10/2026 08:28:48 PM|07/10/2026 08:28:49 PM|1s|TPBOG001|TERMINADO|DIARIO|MDE|                                                                                              
355|MOVILIDAD EPSS37|07/10/2026 08:28:48 PM|07/10/2026 08:29:10 PM|22s|TPBOG001|TERMINADO|DIARIO|FAMISANA|                                                                                              
222|PASO DE FACTURAS POR INTERFAZ A APOTEOSYS|07/10/2026 08:28:48 PM|07/10/2026 08:28:49 PM|1s|APBOG004|TERMINADO|DIARIO|APPNEPS|                                                                       
730|ACT BANDEJA MASTER|07/10/2026 08:28:48 PM|07/10/2026 08:29:23 PM|35s|TPBOG001|TERMINADO|DIARIO|FAMISANA|                                                                                            
223|ACTUALIZA ESTADOS DE FACTURAS PAGADAS O CANCELADAS|07/10/2026 08:28:48 PM|07/10/2026 08:28:49 PM|1s|APBOG004|TERMINADO|DIARIO|APPNEPS|                                                              
220|GENERA FACTURAS PAC|07/10/2026 08:28:48 PM|07/10/2026 08:28:49 PM|1s|APBOG004|TERMINADO|DIARIO|APPNEPS|                                                                                             
271|DESCARGUE MAPISSSUPC|07/10/2026 08:28:49 PM|07/10/2026 08:28:50 PM|1s|APBOG004|TERMINADO|DIARIO|APPNEPS|                                                                                            
55|TAREA_4_CARGUESUPCV5|07/10/2026 08:28:49 PM|07/10/2026 08:28:50 PM|1s|APBOG004|TERMINADO|DIARIO|APPNEPS|                                                                                             
579|REPORTE_CALIDAD|07/10/2026 08:28:50 PM|||TPBOG001|EN EJECUCION|DIARIO|FAMISANA, BI|                                                                                                                 
249|AUTORIZACIONES DE MEDICAMENTOS - CAFAM|07/10/2026 08:29:49 PM|07/10/2026 08:30:22 PM|33s|TPBOG001|TERMINADO|DIARIO|FAMISANA|                                                                        
720|720_CONSULTACUENTAS|07/10/2026 08:31:41 PM|07/10/2026 08:31:43 PM|2s|TPBOG002|TERMINADO|DIARIO|MDE|                                                                                                 
720|720_CONSULTACUENTAS|07/10/2026 08:36:41 PM|07/10/2026 08:36:43 PM|2s|TPBOG002|TERMINADO|DIARIO|MDE|                                                                                                 
223|ACTUALIZA ESTADOS DE FACTURAS PAGADAS O CANCELADAS|07/10/2026 08:38:48 PM|07/10/2026 08:38:48 PM|0s|APBOG004|TERMINADO|DIARIO|APPNEPS|                                                              
220|GENERA FACTURAS PAC|07/10/2026 08:38:48 PM|07/10/2026 08:38:49 PM|1s|APBOG004|TERMINADO|DIARIO|APPNEPS|                                                                                             
720|720_CONSULTACUENTAS|07/10/2026 08:41:41 PM|07/10/2026 08:41:43 PM|2s|TPBOG002|TERMINADO|DIARIO|MDE|                                                                                                 
356|MOVILIDAD EPSS41|07/10/2026 08:43:48 PM|07/10/2026 08:44:04 PM|16s|FSBOG001|TERMINADO|DIARIO|FAMISANA|                                                                                              
730|ACT BANDEJA MASTER|07/10/2026 08:43:48 PM|07/10/2026 08:44:19 PM|31s|TPBOG001|TERMINADO|DIARIO|FAMISANA|                                                                                            
720|720_CONSULTACUENTAS|07/10/2026 08:46:41 PM|07/10/2026 08:46:43 PM|2s|TPBOG002|TERMINADO|DIARIO|MDE|                                                                                                 
223|ACTUALIZA ESTADOS DE FACTURAS PAGADAS O CANCELADAS|07/10/2026 08:48:48 PM|07/10/2026 08:48:48 PM|0s|APBOG004|TERMINADO|DIARIO|APPNEPS|                                                              
220|GENERA FACTURAS PAC|07/10/2026 08:48:48 PM|07/10/2026 08:48:48 PM|0s|APBOG004|TERMINADO|DIARIO|APPNEPS|                                                                                             
720|720_CONSULTACUENTAS|07/10/2026 08:51:41 PM|07/10/2026 08:51:42 PM|1s|TPBOG002|TERMINADO|DIARIO|MDE|                                                                                                 
720|720_CONSULTACUENTAS|07/10/2026 08:56:41 PM|07/10/2026 08:56:43 PM|2s|TPBOG002|TERMINADO|DIARIO|MDE|                                                                                                 
303|MOVILIDAD PROGRAMADA|07/10/2026 08:58:47 PM|07/10/2026 09:00:21 PM|1m 34s|BDBOG001|TERMINADO|DIARIO|FAMISANA|                                                                                       
547|JOB_EXT_PLANO_UDEA_RUN|07/10/2026 08:58:48 PM|07/10/2026 08:58:49 PM|1s|TPBOG001|TERMINADO|DIARIO|MDE|                                                                                              
730|ACT BANDEJA MASTER|07/10/2026 08:58:48 PM|07/10/2026 08:59:17 PM|29s|TPBOG001|TERMINADO|DIARIO|FAMISANA|                                                                                            
722|CARGUE PROCESO SAT|07/10/2026 08:58:48 PM|07/10/2026 08:58:50 PM|2s|TPBOG001|TERMINADO|POR SOLICITUD|FAMISANA|                                                                                      
220|GENERA FACTURAS PAC|07/10/2026 08:58:48 PM|07/10/2026 08:58:48 PM|0s|APBOG004|TERMINADO|DIARIO|APPNEPS|                                                                                             
55|TAREA_4_CARGUESUPCV5|07/10/2026 08:58:48 PM|07/10/2026 08:58:50 PM|2s|APBOG004|TERMINADO|DIARIO|APPNEPS|                                                                                             
222|PASO DE FACTURAS POR INTERFAZ A APOTEOSYS|07/10/2026 08:58:48 PM|07/10/2026 08:58:49 PM|1s|APBOG004|TERMINADO|DIARIO|APPNEPS|                                                                       
270|CARGA MAPIISSUPC|07/10/2026 08:58:48 PM|07/10/2026 08:58:49 PM|1s|APBOG004|TERMINADO|DIARIO|APPNEPS|                                                                                                
271|DESCARGUE MAPISSSUPC|07/10/2026 08:58:48 PM|07/10/2026 08:58:49 PM|1s|APBOG004|TERMINADO|DIARIO|APPNEPS|                                                                                            
223|ACTUALIZA ESTADOS DE FACTURAS PAGADAS O CANCELADAS|07/10/2026 08:58:48 PM|07/10/2026 08:58:48 PM|0s|APBOG004|TERMINADO|DIARIO|APPNEPS|                                                              
548|SALDOS_DOC|07/10/2026 08:58:49 PM|08/10/2026 03:39:16 AM|6h 40m 27s|TPBOG001|TERMINADO|DIARIO|CONT|                                                                                                 
679|REP_CALIDAD_FACTDEV|07/10/2026 08:58:49 PM|08/10/2026 12:13:35 AM|3h 14m 46s|TPBOG001|TERMINADO|DIARIO|FAMISANA|                                                                                    
632|115_PROCESO_INCAPACIDADES|07/10/2026 08:58:50 PM|08/10/2026 12:52:43 AM|3h 53m 53s|TPBOG001|TERMINADO|DIARIO|FAMISANA|                                                                              
720|720_CONSULTACUENTAS|07/10/2026 09:01:41 PM|07/10/2026 09:01:43 PM|2s|TPBOG002|TERMINADO|DIARIO|MDE|                                                                                                 
720|720_CONSULTACUENTAS|07/10/2026 09:06:41 PM|07/10/2026 09:06:43 PM|2s|TPBOG002|TERMINADO|DIARIO|MDE|                                                                                                 
220|GENERA FACTURAS PAC|07/10/2026 09:08:48 PM|07/10/2026 09:08:49 PM|1s|APBOG004|TERMINADO|DIARIO|APPNEPS|                                                                                             
223|ACTUALIZA ESTADOS DE FACTURAS PAGADAS O CANCELADAS|07/10/2026 09:08:48 PM|07/10/2026 09:08:49 PM|1s|APBOG004|TERMINADO|DIARIO|APPNEPS|                                                              
720|720_CONSULTACUENTAS|07/10/2026 09:11:41 PM|07/10/2026 09:11:43 PM|2s|TPBOG002|TERMINADO|DIARIO|MDE|                                                                                                 
730|ACT BANDEJA MASTER|07/10/2026 09:13:48 PM|07/10/2026 09:14:14 PM|26s|TPBOG001|TERMINADO|DIARIO|FAMISANA|                                                                                            
720|720_CONSULTACUENTAS|07/10/2026 09:16:41 PM|07/10/2026 09:16:43 PM|2s|TPBOG002|TERMINADO|DIARIO|MDE|                                                                                                 
220|GENERA FACTURAS PAC|07/10/2026 09:18:48 PM|07/10/2026 09:18:48 PM|0s|APBOG004|TERMINADO|DIARIO|APPNEPS|                                                                                             
223|ACTUALIZA ESTADOS DE FACTURAS PAGADAS O CANCELADAS|07/10/2026 09:18:48 PM|07/10/2026 09:18:48 PM|0s|APBOG004|TERMINADO|DIARIO|APPNEPS|                                                              
720|720_CONSULTACUENTAS|07/10/2026 09:21:41 PM|07/10/2026 09:21:43 PM|2s|TPBOG002|TERMINADO|DIARIO|MDE|                                                                                                 
720|720_CONSULTACUENTAS|07/10/2026 09:26:41 PM|07/10/2026 09:26:42 PM|1s|TPBOG002|TERMINADO|DIARIO|MDE|                                                                                                 
303|MOVILIDAD PROGRAMADA|07/10/2026 09:28:47 PM|07/10/2026 09:30:26 PM|1m 39s|BDBOG001|TERMINADO|DIARIO|FAMISANA|                                                                                       
163|VM_NEPS_AUTXAFIL_ANEXOS|07/10/2026 09:28:47 PM|07/10/2026 09:28:51 PM|4s|BDBOG001|TERMINADO|DIARIO|FAMISANA|                                                                                        
220|GENERA FACTURAS PAC|07/10/2026 09:28:48 PM|07/10/2026 09:28:48 PM|0s|APBOG004|TERMINADO|DIARIO|APPNEPS|                                                                                             
724|CARGUE NOVEDADES SAT|07/10/2026 09:28:48 PM|07/10/2026 09:28:50 PM|2s|TPBOG001|TERMINADO|DIARIO|FAMISANA|                                                                                           
730|ACT BANDEJA MASTER|07/10/2026 09:28:48 PM|07/10/2026 09:29:16 PM|28s|TPBOG001|TERMINADO|DIARIO|FAMISANA|                                                                                            
222|PASO DE FACTURAS POR INTERFAZ A APOTEOSYS|07/10/2026 09:28:48 PM|07/10/2026 09:28:49 PM|1s|APBOG004|TERMINADO|DIARIO|APPNEPS|                                                                       
547|JOB_EXT_PLANO_UDEA_RUN|07/10/2026 09:28:48 PM|07/10/2026 09:28:49 PM|1s|TPBOG001|TERMINADO|DIARIO|MDE|                                                                                              
223|ACTUALIZA ESTADOS DE FACTURAS PAGADAS O CANCELADAS|07/10/2026 09:28:48 PM|07/10/2026 09:28:48 PM|0s|APBOG004|TERMINADO|DIARIO|APPNEPS|                                                              
271|DESCARGUE MAPISSSUPC|07/10/2026 09:29:08 PM|07/10/2026 09:29:10 PM|2s|APBOG004|TERMINADO|DIARIO|APPNEPS|                                                                                            
270|CARGA MAPIISSUPC|07/10/2026 09:29:08 PM|07/10/2026 09:29:09 PM|1s|APBOG004|TERMINADO|DIARIO|APPNEPS|                                                                                                
55|TAREA_4_CARGUESUPCV5|07/10/2026 09:29:09 PM|07/10/2026 09:29:10 PM|1s|APBOG004|TERMINADO|DIARIO|APPNEPS|                                                                                             
720|720_CONSULTACUENTAS|07/10/2026 09:31:41 PM|07/10/2026 09:31:43 PM|2s|TPBOG002|TERMINADO|DIARIO|MDE|                                                                                                 
720|720_CONSULTACUENTAS|07/10/2026 09:36:41 PM|07/10/2026 09:36:43 PM|2s|TPBOG002|TERMINADO|DIARIO|MDE|                                                                                                 
220|GENERA FACTURAS PAC|07/10/2026 09:38:48 PM|07/10/2026 09:38:48 PM|0s|APBOG004|TERMINADO|DIARIO|APPNEPS|                                                                                             
223|ACTUALIZA ESTADOS DE FACTURAS PAGADAS O CANCELADAS|07/10/2026 09:38:48 PM|07/10/2026 09:38:48 PM|0s|APBOG004|TERMINADO|DIARIO|APPNEPS|                                                              
720|720_CONSULTACUENTAS|07/10/2026 09:41:41 PM|07/10/2026 09:41:43 PM|2s|TPBOG002|TERMINADO|DIARIO|MDE|                                                                                                 
730|ACT BANDEJA MASTER|07/10/2026 09:43:48 PM|07/10/2026 09:44:16 PM|28s|TPBOG001|TERMINADO|DIARIO|FAMISANA|                                                                                            
720|720_CONSULTACUENTAS|07/10/2026 09:46:41 PM|07/10/2026 09:46:43 PM|2s|TPBOG002|TERMINADO|DIARIO|MDE|                                                                                                 
223|ACTUALIZA ESTADOS DE FACTURAS PAGADAS O CANCELADAS|07/10/2026 09:48:48 PM|07/10/2026 09:48:48 PM|0s|APBOG004|TERMINADO|DIARIO|APPNEPS|                                                              
220|GENERA FACTURAS PAC|07/10/2026 09:48:48 PM|07/10/2026 09:48:48 PM|0s|APBOG004|TERMINADO|DIARIO|APPNEPS|                                                                                             
720|720_CONSULTACUENTAS|07/10/2026 09:51:41 PM|07/10/2026 09:51:43 PM|2s|TPBOG002|TERMINADO|DIARIO|MDE|                                                                                                 
720|720_CONSULTACUENTAS|07/10/2026 09:56:41 PM|07/10/2026 09:56:43 PM|2s|TPBOG002|TERMINADO|DIARIO|MDE|                                                                                                 
303|MOVILIDAD PROGRAMADA|07/10/2026 09:58:47 PM|07/10/2026 10:00:23 PM|1m 36s|BDBOG001|TERMINADO|DIARIO|FAMISANA|                                                                                       
150|INVENTARIO DE DOCUMENTOS|07/10/2026 09:58:47 PM|07/10/2026 10:08:29 PM|9m 42s|BDBOG001|TERMINADO|DIARIO|FAMISANA|                                                                                   
142|VERIFICADOR DE NOVEDADES|07/10/2026 09:58:47 PM|07/10/2026 10:46:37 PM|47m 50s|BDBOG001|TERMINADO|DIARIO|FAMISANA|                                                                                  
158|TRUNCAR TABLAS|07/10/2026 09:58:47 PM|07/10/2026 09:58:53 PM|6s|BDBOG001|TERMINADO|DIARIO|FAMISANA|                                                                                                 
55|TAREA_4_CARGUESUPCV5|07/10/2026 09:58:48 PM|07/10/2026 09:58:50 PM|2s|APBOG004|TERMINADO|DIARIO|APPNEPS|                                                                                             
547|JOB_EXT_PLANO_UDEA_RUN|07/10/2026 09:58:48 PM|07/10/2026 09:58:48 PM|0s|TPBOG001|TERMINADO|DIARIO|MDE|                                                                                              
223|ACTUALIZA ESTADOS DE FACTURAS PAGADAS O CANCELADAS|07/10/2026 09:58:48 PM|07/10/2026 09:58:48 PM|0s|APBOG004|TERMINADO|DIARIO|APPNEPS|                                                              
354|MOVILIDAD DNP|07/10/2026 09:58:48 PM|07/10/2026 09:59:00 PM|12s|TPBOG001|TERMINADO|DIARIO|FAMISANA|                                                                                                 
271|DESCARGUE MAPISSSUPC|07/10/2026 09:58:48 PM|07/10/2026 09:58:49 PM|1s|APBOG004|TERMINADO|DIARIO|APPNEPS|                                                                                            
270|CARGA MAPIISSUPC|07/10/2026 09:58:48 PM|07/10/2026 09:58:49 PM|1s|APBOG004|TERMINADO|DIARIO|APPNEPS|                                                                                                
222|PASO DE FACTURAS POR INTERFAZ A APOTEOSYS|07/10/2026 09:58:48 PM|07/10/2026 09:58:49 PM|1s|APBOG004|TERMINADO|DIARIO|APPNEPS|                                                                       
730|ACT BANDEJA MASTER|07/10/2026 09:58:48 PM|07/10/2026 09:59:17 PM|29s|TPBOG001|TERMINADO|DIARIO|FAMISANA|                                                                                            
220|GENERA FACTURAS PAC|07/10/2026 09:58:48 PM|07/10/2026 09:58:48 PM|0s|APBOG004|TERMINADO|DIARIO|APPNEPS|                                                                                             
504|REPORTE_FALLECIDOS|07/10/2026 09:58:49 PM|08/10/2026 03:46:14 AM|5h 47m 25s|TPBOG001|TERMINADO|DIARIO|FAMISANA|                                                                                     
466|ROL_DISPENSADOR_RUTA_NO_ORDINARIA|07/10/2026 09:58:49 PM|07/10/2026 10:11:29 PM|12m 40s|TPBOG001|TERMINADO|DIARIO|PR_BATCH|                                                                         
572|REP_DIARIO_TRACTO_SUCESIVO|07/10/2026 09:58:50 PM|07/10/2026 10:05:39 PM|6m 49s|TPBOG001|TERMINADO|DIARIO|FAMISANA|                                                                                 
617|CIERRE_RELLAB_COMODIN|07/10/2026 09:58:50 PM|07/10/2026 09:59:30 PM|40s|TPBOG001|TERMINADO|DIARIO|FAMISANA|                                                                                         
437|NUEVA-PANEL|07/10/2026 09:58:50 PM|07/10/2026 09:58:51 PM|1s|TPBOG001|TERMINADO|DIARIO|FAMISANA|                                                                                                    
720|720_CONSULTACUENTAS|07/10/2026 10:01:41 PM|07/10/2026 10:01:43 PM|2s|TPBOG002|TERMINADO|DIARIO|MDE|                                                                                                 
720|720_CONSULTACUENTAS|07/10/2026 10:06:41 PM|07/10/2026 10:06:43 PM|2s|TPBOG002|TERMINADO|DIARIO|MDE|                                                                                                 
220|GENERA FACTURAS PAC|07/10/2026 10:08:48 PM|07/10/2026 10:08:48 PM|0s|APBOG004|TERMINADO|DIARIO|APPNEPS|                                                                                             
223|ACTUALIZA ESTADOS DE FACTURAS PAGADAS O CANCELADAS|07/10/2026 10:08:48 PM|07/10/2026 10:08:48 PM|0s|APBOG004|TERMINADO|DIARIO|APPNEPS|                                                              
720|720_CONSULTACUENTAS|07/10/2026 10:11:41 PM|07/10/2026 10:11:43 PM|2s|TPBOG002|TERMINADO|DIARIO|MDE|                                                                                                 
730|ACT BANDEJA MASTER|07/10/2026 10:13:48 PM|07/10/2026 10:14:15 PM|27s|TPBOG001|TERMINADO|DIARIO|FAMISANA|                                                                                            
720|720_CONSULTACUENTAS|07/10/2026 10:16:41 PM|07/10/2026 10:16:43 PM|2s|TPBOG002|TERMINADO|DIARIO|MDE|                                                                                                 
220|GENERA FACTURAS PAC|07/10/2026 10:18:48 PM|07/10/2026 10:18:48 PM|0s|APBOG004|TERMINADO|DIARIO|APPNEPS|                                                                                             
223|ACTUALIZA ESTADOS DE FACTURAS PAGADAS O CANCELADAS|07/10/2026 10:18:48 PM|07/10/2026 10:18:48 PM|0s|APBOG004|TERMINADO|DIARIO|APPNEPS|                                                              
720|720_CONSULTACUENTAS|07/10/2026 10:21:41 PM|07/10/2026 10:21:43 PM|2s|TPBOG002|TERMINADO|DIARIO|MDE|                                                                                                 
720|720_CONSULTACUENTAS|07/10/2026 10:26:41 PM|07/10/2026 10:26:43 PM|2s|TPBOG002|TERMINADO|DIARIO|MDE|                                                                                                 
355|MOVILIDAD EPSS37|07/10/2026 10:28:47 PM|07/10/2026 10:28:53 PM|6s|TPBOG001|TERMINADO|DIARIO|FAMISANA|                                                                                               
547|JOB_EXT_PLANO_UDEA_RUN|07/10/2026 10:28:47 PM|07/10/2026 10:28:48 PM|1s|TPBOG001|TERMINADO|DIARIO|MDE|                                                                                              
303|MOVILIDAD PROGRAMADA|07/10/2026 10:28:47 PM|07/10/2026 10:30:26 PM|1m 39s|BDBOG001|TERMINADO|DIARIO|FAMISANA|                                                                                       
223|ACTUALIZA ESTADOS DE FACTURAS PAGADAS O CANCELADAS|07/10/2026 10:28:48 PM|07/10/2026 10:28:48 PM|0s|APBOG004|TERMINADO|DIARIO|APPNEPS|                                                              
55|TAREA_4_CARGUESUPCV5|07/10/2026 10:28:48 PM|07/10/2026 10:28:49 PM|1s|APBOG004|TERMINADO|DIARIO|APPNEPS|                                                                                             
271|DESCARGUE MAPISSSUPC|07/10/2026 10:28:48 PM|07/10/2026 10:28:49 PM|1s|APBOG004|TERMINADO|DIARIO|APPNEPS|                                                                                            
270|CARGA MAPIISSUPC|07/10/2026 10:28:48 PM|07/10/2026 10:28:49 PM|1s|APBOG004|TERMINADO|DIARIO|APPNEPS|                                                                                                
730|ACT BANDEJA MASTER|07/10/2026 10:28:48 PM|07/10/2026 10:29:15 PM|27s|TPBOG001|TERMINADO|DIARIO|FAMISANA|                                                                                            
222|PASO DE FACTURAS POR INTERFAZ A APOTEOSYS|07/10/2026 10:28:48 PM|07/10/2026 10:28:48 PM|0s|APBOG004|TERMINADO|DIARIO|APPNEPS|                                                                       
220|GENERA FACTURAS PAC|07/10/2026 10:28:48 PM|07/10/2026 10:28:48 PM|0s|APBOG004|TERMINADO|DIARIO|APPNEPS|                                                                                             
590|RELACIONES_LABORALES_DUPLICADAS|07/10/2026 10:28:49 PM|07/10/2026 10:30:37 PM|1m 48s|TPBOG001|TERMINADO|DIARIO|FAMISANA|                                                                            
720|720_CONSULTACUENTAS|07/10/2026 10:31:41 PM|07/10/2026 10:31:43 PM|2s|TPBOG002|TERMINADO|DIARIO|MDE|                                                                                                 
720|720_CONSULTACUENTAS|07/10/2026 10:36:41 PM|07/10/2026 10:36:43 PM|2s|TPBOG002|TERMINADO|DIARIO|MDE|                                                                                                 
223|ACTUALIZA ESTADOS DE FACTURAS PAGADAS O CANCELADAS|07/10/2026 10:38:48 PM|07/10/2026 10:38:48 PM|0s|APBOG004|TERMINADO|DIARIO|APPNEPS|                                                              
220|GENERA FACTURAS PAC|07/10/2026 10:38:48 PM|07/10/2026 10:38:48 PM|0s|APBOG004|TERMINADO|DIARIO|APPNEPS|                                                                                             
720|720_CONSULTACUENTAS|07/10/2026 10:41:41 PM|07/10/2026 10:41:43 PM|2s|TPBOG002|TERMINADO|DIARIO|MDE|                                                                                                 
356|MOVILIDAD EPSS41|07/10/2026 10:43:47 PM|07/10/2026 10:43:56 PM|9s|FSBOG001|TERMINADO|DIARIO|FAMISANA|                                                                                               
730|ACT BANDEJA MASTER|07/10/2026 10:43:48 PM|07/10/2026 10:44:13 PM|25s|TPBOG001|TERMINADO|DIARIO|FAMISANA|                                                                                            
148|CONECTOR|07/10/2026 10:43:48 PM|08/10/2026 01:54:14 AM|3h 10m 26s|BDBOG001|TERMINADO|DIARIO|FAMISANA|                                                                                               
228|ACT_TIPOTRABAJADOR|07/10/2026 10:43:55 PM|07/10/2026 10:55:25 PM|11m 30s|FSBOG001|TERMINADO|DIARIO|FAMISANA|                                                                                        
720|720_CONSULTACUENTAS|07/10/2026 10:46:41 PM|07/10/2026 10:46:43 PM|2s|TPBOG002|TERMINADO|DIARIO|MDE|                                                                                                 
220|GENERA FACTURAS PAC|07/10/2026 10:48:48 PM|07/10/2026 10:48:48 PM|0s|APBOG004|TERMINADO|DIARIO|APPNEPS|                                                                                             
223|ACTUALIZA ESTADOS DE FACTURAS PAGADAS O CANCELADAS|07/10/2026 10:48:48 PM|07/10/2026 10:48:48 PM|0s|APBOG004|TERMINADO|DIARIO|APPNEPS|                                                              
720|720_CONSULTACUENTAS|07/10/2026 10:51:41 PM|07/10/2026 10:51:43 PM|2s|TPBOG002|TERMINADO|DIARIO|MDE|                                                                                                 
720|720_CONSULTACUENTAS|07/10/2026 10:56:41 PM|07/10/2026 10:56:42 PM|1s|TPBOG002|TERMINADO|DIARIO|MDE|                                                                                                 
151|RADICACION MASIVA|07/10/2026 10:58:47 PM|07/10/2026 10:59:16 PM|29s|BDBOG001|TERMINADO|DIARIO|FAMISANA|                                                                                             
161|NOTIFICACION GLOSAS|07/10/2026 10:58:47 PM|08/10/2026 05:58:46 AM|6h 59m 59s|BDBOG001|TERMINADO|DIARIO|FAMISANA|                                                                                    
359|HISTORICO 3951|07/10/2026 10:58:47 PM|08/10/2026 05:45:01 AM|6h 46m 14s|BDBOG001|TERMINADO|DIARIO|PR_BATCH|                                                                                         
156|RENOVACION AUTOMATICA CONTRATOS|07/10/2026 10:58:47 PM|07/10/2026 11:00:27 PM|1m 40s|BDBOG001|TERMINADO|DIARIO|FAMISANA|                                                                            
303|MOVILIDAD PROGRAMADA|07/10/2026 10:58:47 PM|07/10/2026 11:00:47 PM|2m|BDBOG001|TERMINADO|DIARIO|FAMISANA|                                                                                           
55|TAREA_4_CARGUESUPCV5|07/10/2026 10:58:48 PM|07/10/2026 10:58:50 PM|2s|APBOG004|TERMINADO|DIARIO|APPNEPS|                                                                                             
223|ACTUALIZA ESTADOS DE FACTURAS PAGADAS O CANCELADAS|07/10/2026 10:58:48 PM|07/10/2026 10:58:48 PM|0s|APBOG004|TERMINADO|DIARIO|APPNEPS|                                                              
271|DESCARGUE MAPISSSUPC|07/10/2026 10:58:48 PM|07/10/2026 10:58:49 PM|1s|APBOG004|TERMINADO|DIARIO|APPNEPS|                                                                                            
270|CARGA MAPIISSUPC|07/10/2026 10:58:48 PM|07/10/2026 10:58:49 PM|1s|APBOG004|TERMINADO|DIARIO|APPNEPS|                                                                                                
730|ACT BANDEJA MASTER|07/10/2026 10:58:48 PM|07/10/2026 10:59:16 PM|28s|TPBOG001|TERMINADO|DIARIO|FAMISANA|                                                                                            
722|CARGUE PROCESO SAT|07/10/2026 10:58:48 PM|07/10/2026 10:58:55 PM|7s|TPBOG001|TERMINADO|POR SOLICITUD|FAMISANA|                                                                                      
547|JOB_EXT_PLANO_UDEA_RUN|07/10/2026 10:58:48 PM|07/10/2026 10:58:49 PM|1s|TPBOG001|TERMINADO|DIARIO|MDE|                                                                                              
222|PASO DE FACTURAS POR INTERFAZ A APOTEOSYS|07/10/2026 10:58:48 PM|07/10/2026 10:58:49 PM|1s|APBOG004|TERMINADO|DIARIO|APPNEPS|                                                                       
220|GENERA FACTURAS PAC|07/10/2026 10:58:48 PM|07/10/2026 10:58:48 PM|0s|APBOG004|TERMINADO|DIARIO|APPNEPS|                                                                                             
706|REP_FACT_PENDIENTE|07/10/2026 10:58:50 PM|07/10/2026 11:36:49 PM|37m 59s|TPBOG001|TERMINADO|DIARIO|FAMISANA|                                                                                        
421|REP_ORDENES_COMPRA|07/10/2026 10:58:50 PM|07/10/2026 10:58:51 PM|1s|TPBOG001|TERMINADO|DIARIO|CONT|                                                                                                 
422|RADICACION_MASIVA_CUENTAS_MEDICAS|07/10/2026 10:58:50 PM|07/10/2026 10:59:01 PM|11s|TPBOG001|TERMINADO|DIARIO|FAMISANA|                                                                             
420|REPORTES_AUT_BASE|07/10/2026 10:58:50 PM|07/10/2026 11:00:02 PM|1m 12s|TPBOG001|TERMINADO|SEMANAL|FAMISANA|                                                                                         
435|NUEVO_TUTELAS|07/10/2026 10:58:50 PM|07/10/2026 10:58:58 PM|8s|TPBOG001|TERMINADO|DIARIO|FAMISANA|                                                                                                  
631|RPT_ENTES_CM|07/10/2026 10:58:50 PM|07/10/2026 10:58:55 PM|5s|TPBOG001|TERMINADO|DIARIO|FAMISANA|                                                                                                   
604|DIRECCIONAMIENTO_SUGERIDO|07/10/2026 10:58:51 PM|07/10/2026 10:58:56 PM|5s|TPBOG001|TERMINADO|SEMANAL|PR_BATCH|                                                                                     
255|REP OUTSOURCING PARA IQ|07/10/2026 10:58:51 PM|07/10/2026 11:52:17 PM|53m 26s|TPBOG001|TERMINADO|DIARIO|FAMISANA|                                                                                   
720|720_CONSULTACUENTAS|07/10/2026 11:01:41 PM|07/10/2026 11:01:43 PM|2s|TPBOG002|TERMINADO|DIARIO|MDE|                                                                                                 
720|720_CONSULTACUENTAS|07/10/2026 11:06:41 PM|07/10/2026 11:06:43 PM|2s|TPBOG002|TERMINADO|DIARIO|MDE|                                                                                                 
223|ACTUALIZA ESTADOS DE FACTURAS PAGADAS O CANCELADAS|07/10/2026 11:08:48 PM|07/10/2026 11:08:48 PM|0s|APBOG004|TERMINADO|DIARIO|APPNEPS|                                                              
220|GENERA FACTURAS PAC|07/10/2026 11:08:48 PM|07/10/2026 11:08:48 PM|0s|APBOG004|TERMINADO|DIARIO|APPNEPS|                                                                                             
720|720_CONSULTACUENTAS|07/10/2026 11:11:41 PM|07/10/2026 11:11:43 PM|2s|TPBOG002|TERMINADO|DIARIO|MDE|                                                                                                 
730|ACT BANDEJA MASTER|07/10/2026 11:13:48 PM|07/10/2026 11:14:14 PM|26s|TPBOG001|TERMINADO|DIARIO|FAMISANA|                                                                                            
720|720_CONSULTACUENTAS|07/10/2026 11:16:41 PM|07/10/2026 11:16:43 PM|2s|TPBOG002|TERMINADO|DIARIO|MDE|                                                                                                 
223|ACTUALIZA ESTADOS DE FACTURAS PAGADAS O CANCELADAS|07/10/2026 11:18:48 PM|07/10/2026 11:18:48 PM|0s|APBOG004|TERMINADO|DIARIO|APPNEPS|                                                              
220|GENERA FACTURAS PAC|07/10/2026 11:18:48 PM|07/10/2026 11:18:48 PM|0s|APBOG004|TERMINADO|DIARIO|APPNEPS|                                                                                             
720|720_CONSULTACUENTAS|07/10/2026 11:21:41 PM|07/10/2026 11:21:43 PM|2s|TPBOG002|TERMINADO|DIARIO|MDE|                                                                                                 
720|720_CONSULTACUENTAS|07/10/2026 11:26:41 PM|07/10/2026 11:26:42 PM|1s|TPBOG002|TERMINADO|DIARIO|MDE|                                                                                                 
547|JOB_EXT_PLANO_UDEA_RUN|07/10/2026 11:28:47 PM|07/10/2026 11:28:48 PM|1s|TPBOG001|TERMINADO|DIARIO|MDE|                                                                                              
303|MOVILIDAD PROGRAMADA|07/10/2026 11:28:47 PM|07/10/2026 11:30:27 PM|1m 40s|BDBOG001|TERMINADO|DIARIO|FAMISANA|                                                                                       
724|CARGUE NOVEDADES SAT|07/10/2026 11:28:47 PM|07/10/2026 11:28:49 PM|2s|TPBOG001|TERMINADO|DIARIO|FAMISANA|                                                                                           
55|TAREA_4_CARGUESUPCV5|07/10/2026 11:28:48 PM|07/10/2026 11:28:50 PM|2s|APBOG004|TERMINADO|DIARIO|APPNEPS|                                                                                             
220|GENERA FACTURAS PAC|07/10/2026 11:28:48 PM|07/10/2026 11:28:48 PM|0s|APBOG004|TERMINADO|DIARIO|APPNEPS|                                                                                             
223|ACTUALIZA ESTADOS DE FACTURAS PAGADAS O CANCELADAS|07/10/2026 11:28:48 PM|07/10/2026 11:28:48 PM|0s|APBOG004|TERMINADO|DIARIO|APPNEPS|                                                              
271|DESCARGUE MAPISSSUPC|07/10/2026 11:28:48 PM|07/10/2026 11:28:49 PM|1s|APBOG004|TERMINADO|DIARIO|APPNEPS|                                                                                            
270|CARGA MAPIISSUPC|07/10/2026 11:28:48 PM|07/10/2026 11:28:49 PM|1s|APBOG004|TERMINADO|DIARIO|APPNEPS|                                                                                                
222|PASO DE FACTURAS POR INTERFAZ A APOTEOSYS|07/10/2026 11:28:48 PM|07/10/2026 11:28:49 PM|1s|APBOG004|TERMINADO|DIARIO|APPNEPS|                                                                       
730|ACT BANDEJA MASTER|07/10/2026 11:28:48 PM|07/10/2026 11:29:15 PM|27s|TPBOG001|TERMINADO|DIARIO|FAMISANA|                                                                                            
26|REP_FUI_MENSUAL|07/10/2026 11:28:55 PM|07/10/2026 11:32:26 PM|3m 31s|FSBOG001|TERMINADO|DIARIO|FAMISANA|                                                                                             
720|720_CONSULTACUENTAS|07/10/2026 11:31:41 PM|07/10/2026 11:31:43 PM|2s|TPBOG002|TERMINADO|DIARIO|MDE|                                                                                                 
720|720_CONSULTACUENTAS|07/10/2026 11:36:41 PM|07/10/2026 11:36:43 PM|2s|TPBOG002|TERMINADO|DIARIO|MDE|                                                                                                 
223|ACTUALIZA ESTADOS DE FACTURAS PAGADAS O CANCELADAS|07/10/2026 11:38:48 PM|07/10/2026 11:38:48 PM|0s|APBOG004|TERMINADO|DIARIO|APPNEPS|                                                              
220|GENERA FACTURAS PAC|07/10/2026 11:38:48 PM|07/10/2026 11:38:48 PM|0s|APBOG004|TERMINADO|DIARIO|APPNEPS|                                                                                             
720|720_CONSULTACUENTAS|07/10/2026 11:41:41 PM|07/10/2026 11:41:43 PM|2s|TPBOG002|TERMINADO|DIARIO|MDE|                                                                                                 
565|REPORTE_DOMICILIARIOS|07/10/2026 11:43:47 PM|08/10/2026 12:07:59 AM|24m 12s|TPBOG001|TERMINADO|SEMANAL|FAMISANA|                                                                                    
730|ACT BANDEJA MASTER|07/10/2026 11:43:47 PM|07/10/2026 11:44:20 PM|33s|TPBOG001|TERMINADO|DIARIO|FAMISANA|                                                                                            
720|720_CONSULTACUENTAS|07/10/2026 11:46:41 PM|07/10/2026 11:46:43 PM|2s|TPBOG002|TERMINADO|DIARIO|MDE|                                                                                                 
223|ACTUALIZA ESTADOS DE FACTURAS PAGADAS O CANCELADAS|07/10/2026 11:48:48 PM|07/10/2026 11:48:48 PM|0s|APBOG004|TERMINADO|DIARIO|APPNEPS|                                                              
220|GENERA FACTURAS PAC|07/10/2026 11:48:48 PM|07/10/2026 11:48:49 PM|1s|APBOG004|TERMINADO|DIARIO|APPNEPS|                                                                                             
233|TAREA_18_SERVICIOS_TR2|07/10/2026 11:48:48 PM|07/10/2026 11:54:28 PM|5m 40s|APBOG004|TERMINADO|DIARIO|APPNEPS|                                                                                      
720|720_CONSULTACUENTAS|07/10/2026 11:51:41 PM|07/10/2026 11:51:43 PM|2s|TPBOG002|TERMINADO|DIARIO|MDE|                                                                                                 
720|720_CONSULTACUENTAS|07/10/2026 11:56:41 PM|07/10/2026 11:56:43 PM|2s|TPBOG002|TERMINADO|DIARIO|MDE|                                                                                                 
223|ACTUALIZA ESTADOS DE FACTURAS PAGADAS O CANCELADAS|07/10/2026 11:58:47 PM|07/10/2026 11:58:48 PM|1s|APBOG004|TERMINADO|DIARIO|APPNEPS|                                                              
303|MOVILIDAD PROGRAMADA|07/10/2026 11:58:47 PM|08/10/2026 12:00:07 AM|1m 20s|BDBOG001|TERMINADO|DIARIO|FAMISANA|                                                                                       
220|GENERA FACTURAS PAC|07/10/2026 11:58:48 PM|07/10/2026 11:58:48 PM|0s|APBOG004|TERMINADO|DIARIO|APPNEPS|                                                                                             
55|TAREA_4_CARGUESUPCV5|07/10/2026 11:58:48 PM|07/10/2026 11:58:49 PM|1s|APBOG004|TERMINADO|DIARIO|APPNEPS|                                                                                             
354|MOVILIDAD DNP|07/10/2026 11:58:48 PM|07/10/2026 11:58:51 PM|3s|TPBOG001|TERMINADO|DIARIO|FAMISANA|                                                                                                  
271|DESCARGUE MAPISSSUPC|07/10/2026 11:58:48 PM|07/10/2026 11:58:49 PM|1s|APBOG004|TERMINADO|DIARIO|APPNEPS|                                                                                            
730|ACT BANDEJA MASTER|07/10/2026 11:58:48 PM|07/10/2026 11:59:14 PM|26s|TPBOG001|TERMINADO|DIARIO|FAMISANA|                                                                                            
547|JOB_EXT_PLANO_UDEA_RUN|07/10/2026 11:58:48 PM|07/10/2026 11:58:49 PM|1s|TPBOG001|TERMINADO|DIARIO|MDE|                                                                                              
270|CARGA MAPIISSUPC|07/10/2026 11:58:48 PM|07/10/2026 11:58:49 PM|1s|APBOG004|TERMINADO|DIARIO|APPNEPS|                                                                                                
222|PASO DE FACTURAS POR INTERFAZ A APOTEOSYS|07/10/2026 11:58:48 PM|07/10/2026 11:58:48 PM|0s|APBOG004|TERMINADO|DIARIO|APPNEPS|                                                                       
140|VERIFICADOR TOTAL|07/10/2026 11:59:47 PM|08/10/2026 01:18:49 AM|1h 19m 2s|BDBOG001|TERMINADO|DIARIO|FAMISANA|                                                                                       
498|VERIFICADOR SUBSIDIADO|07/10/2026 11:59:47 PM|08/10/2026 12:00:14 AM|27s|BDBOG001|TERMINADO|DIARIO|FAMISANA|                                                                                        
424|REPORTE_ENVIADA_REGISTRADA|07/10/2026 11:59:49 PM|07/10/2026 11:59:55 PM|6s|TPBOG001|TERMINADO|MENSUAL|FAMISANA|                                                                                    
720|720_CONSULTACUENTAS|08/10/2026 12:01:41 AM|08/10/2026 12:01:43 AM|2s|TPBOG002|TERMINADO|DIARIO|MDE|                                                                                                 
673|REP_ASIGNACION_OPERADOR|08/10/2026 12:03:49 AM|08/10/2026 01:46:26 AM|1h 42m 37s|TPBOG001|TERMINADO|DIARIO|FAMISANA|                                                                                
481|REPORTE_PTI_GESTION|08/10/2026 12:03:49 AM|08/10/2026 02:01:50 AM|1h 58m 1s|TPBOG001|TERMINADO|DIARIO|PR_BATCH|                                                                                     
720|720_CONSULTACUENTAS|08/10/2026 12:06:41 AM|08/10/2026 12:06:42 AM|1s|TPBOG002|TERMINADO|DIARIO|MDE|                                                                                                 
223|ACTUALIZA ESTADOS DE FACTURAS PAGADAS O CANCELADAS|08/10/2026 12:08:47 AM|08/10/2026 12:08:48 AM|1s|APBOG004|TERMINADO|DIARIO|APPNEPS|                                                              
308|IPS SMS|08/10/2026 12:08:48 AM|08/10/2026 12:26:50 AM|18m 2s|APBOG004|TERMINADO|DIARIO|FAMISANA|                                                                                                    
220|GENERA FACTURAS PAC|08/10/2026 12:08:48 AM|08/10/2026 12:08:48 AM|0s|APBOG004|TERMINADO|DIARIO|APPNEPS|                                                                                             
388|REP IPS ESPECIALIZADA|08/10/2026 12:08:55 AM|08/10/2026 12:09:02 AM|7s|FSBOG001|TERMINADO|DIARIO|FAMISANA|                                                                                          
720|720_CONSULTACUENTAS|08/10/2026 12:11:41 AM|08/10/2026 12:11:43 AM|2s|TPBOG002|TERMINADO|DIARIO|MDE|                                                                                                 
730|ACT BANDEJA MASTER|08/10/2026 12:13:47 AM|08/10/2026 12:14:16 AM|29s|TPBOG001|TERMINADO|DIARIO|FAMISANA|                                                                                            
720|720_CONSULTACUENTAS|08/10/2026 12:16:41 AM|08/10/2026 12:16:43 AM|2s|TPBOG002|TERMINADO|DIARIO|MDE|                                                                                                 
223|ACTUALIZA ESTADOS DE FACTURAS PAGADAS O CANCELADAS|08/10/2026 12:18:48 AM|08/10/2026 12:18:48 AM|0s|APBOG004|TERMINADO|DIARIO|APPNEPS|                                                              
220|GENERA FACTURAS PAC|08/10/2026 12:18:48 AM|08/10/2026 12:18:48 AM|0s|APBOG004|TERMINADO|DIARIO|APPNEPS|                                                                                             
720|720_CONSULTACUENTAS|08/10/2026 12:21:41 AM|08/10/2026 12:21:42 AM|1s|TPBOG002|TERMINADO|DIARIO|MDE|                                                                                                 
720|720_CONSULTACUENTAS|08/10/2026 12:26:41 AM|08/10/2026 12:26:43 AM|2s|TPBOG002|TERMINADO|DIARIO|MDE|                                                                                                 
141|AUDITA|08/10/2026 12:28:47 AM|08/10/2026 06:58:47 AM|6h 30m|BDBOG001|TERMINADO|DIARIO|FAMISANA|                                                                                                     
303|MOVILIDAD PROGRAMADA|08/10/2026 12:28:47 AM|08/10/2026 12:30:13 AM|1m 26s|BDBOG001|TERMINADO|DIARIO|FAMISANA|                                                                                       
355|MOVILIDAD EPSS37|08/10/2026 12:28:47 AM|08/10/2026 12:28:53 AM|6s|TPBOG001|TERMINADO|DIARIO|FAMISANA|                                                                                               
547|JOB_EXT_PLANO_UDEA_RUN|08/10/2026 12:28:47 AM|08/10/2026 12:28:48 AM|1s|TPBOG001|TERMINADO|DIARIO|MDE|                                                                                              
730|ACT BANDEJA MASTER|08/10/2026 12:28:47 AM|08/10/2026 12:29:18 AM|31s|TPBOG001|TERMINADO|DIARIO|FAMISANA|                                                                                            
55|TAREA_4_CARGUESUPCV5|08/10/2026 12:28:48 AM|08/10/2026 12:28:49 AM|1s|APBOG004|TERMINADO|DIARIO|APPNEPS|                                                                                             
222|PASO DE FACTURAS POR INTERFAZ A APOTEOSYS|08/10/2026 12:28:48 AM|08/10/2026 12:28:48 AM|0s|APBOG004|TERMINADO|DIARIO|APPNEPS|                                                                       
223|ACTUALIZA ESTADOS DE FACTURAS PAGADAS O CANCELADAS|08/10/2026 12:28:48 AM|08/10/2026 12:28:48 AM|0s|APBOG004|TERMINADO|DIARIO|APPNEPS|                                                              
271|DESCARGUE MAPISSSUPC|08/10/2026 12:28:48 AM|08/10/2026 12:28:49 AM|1s|APBOG004|TERMINADO|DIARIO|APPNEPS|                                                                                            
270|CARGA MAPIISSUPC|08/10/2026 12:28:48 AM|08/10/2026 12:28:49 AM|1s|APBOG004|TERMINADO|DIARIO|APPNEPS|                                                                                                
220|GENERA FACTURAS PAC|08/10/2026 12:28:48 AM|08/10/2026 12:28:48 AM|0s|APBOG004|TERMINADO|DIARIO|APPNEPS|                                                                                             
28|VARIOS_AFILIACIONES|08/10/2026 12:28:54 AM|08/10/2026 12:48:43 AM|19m 49s|FSBOG001|TERMINADO|DIARIO|FAMISANA|                                                                                        
21|IMAGENES|08/10/2026 12:28:54 AM|08/10/2026 01:20:09 AM|51m 15s|FSBOG001|TERMINADO|DIARIO|FAMISANA|                                                                                                   
720|720_CONSULTACUENTAS|08/10/2026 12:31:40 AM|08/10/2026 12:31:42 AM|2s|TPBOG002|TERMINADO|DIARIO|MDE|                                                                                                 
720|720_CONSULTACUENTAS|08/10/2026 12:36:40 AM|08/10/2026 12:36:43 AM|3s|TPBOG002|TERMINADO|DIARIO|MDE|                                                                                                 
223|ACTUALIZA ESTADOS DE FACTURAS PAGADAS O CANCELADAS|08/10/2026 12:38:47 AM|08/10/2026 12:38:48 AM|1s|APBOG004|TERMINADO|DIARIO|APPNEPS|                                                              
220|GENERA FACTURAS PAC|08/10/2026 12:38:48 AM|08/10/2026 12:38:48 AM|0s|APBOG004|TERMINADO|DIARIO|APPNEPS|                                                                                             
720|720_CONSULTACUENTAS|08/10/2026 12:41:41 AM|08/10/2026 12:41:42 AM|1s|TPBOG002|TERMINADO|DIARIO|MDE|                                                                                                 
730|ACT BANDEJA MASTER|08/10/2026 12:43:47 AM|08/10/2026 12:44:15 AM|28s|TPBOG001|TERMINADO|DIARIO|FAMISANA|                                                                                            
356|MOVILIDAD EPSS41|08/10/2026 12:43:47 AM|08/10/2026 12:43:53 AM|6s|FSBOG001|TERMINADO|DIARIO|FAMISANA|                                                                                               
720|720_CONSULTACUENTAS|08/10/2026 12:46:40 AM|08/10/2026 12:46:42 AM|2s|TPBOG002|TERMINADO|DIARIO|MDE|                                                                                                 
223|ACTUALIZA ESTADOS DE FACTURAS PAGADAS O CANCELADAS|08/10/2026 12:48:47 AM|08/10/2026 12:48:48 AM|1s|APBOG004|TERMINADO|DIARIO|APPNEPS|                                                              
220|GENERA FACTURAS PAC|08/10/2026 12:48:48 AM|08/10/2026 12:48:48 AM|0s|APBOG004|TERMINADO|DIARIO|APPNEPS|                                                                                             
720|720_CONSULTACUENTAS|08/10/2026 12:51:40 AM|08/10/2026 12:51:42 AM|2s|TPBOG002|TERMINADO|DIARIO|MDE|                                                                                                 
720|720_CONSULTACUENTAS|08/10/2026 12:56:40 AM|08/10/2026 12:56:42 AM|2s|TPBOG002|TERMINADO|DIARIO|MDE|                                                                                                 
111|6_LIMPIA_TEMPORALES|08/10/2026 12:58:47 AM|08/10/2026 12:58:50 AM|3s|APBOG006|TERMINADO|DIARIO|N/A|                                                                                                 
223|ACTUALIZA ESTADOS DE FACTURAS PAGADAS O CANCELADAS|08/10/2026 12:58:47 AM|08/10/2026 12:58:48 AM|1s|APBOG004|TERMINADO|DIARIO|APPNEPS|                                                              
547|JOB_EXT_PLANO_UDEA_RUN|08/10/2026 12:58:47 AM|08/10/2026 12:58:48 AM|1s|TPBOG001|TERMINADO|DIARIO|MDE|                                                                                              
303|MOVILIDAD PROGRAMADA|08/10/2026 12:58:47 AM|08/10/2026 01:00:23 AM|1m 36s|BDBOG001|TERMINADO|DIARIO|FAMISANA|                                                                                       
157|CAMBIO MASIVO IPS|08/10/2026 12:58:47 AM|08/10/2026 01:00:41 AM|1m 54s|BDBOG001|TERMINADO|DIARIO|FAMISANA|                                                                                          
387|SUSPENCION CONTRATOS PAC|08/10/2026 12:58:48 AM|08/10/2026 12:58:50 AM|2s|APBOG004|TERMINADO|SEMANAL|APPNEPS|                                                                                       
271|DESCARGUE MAPISSSUPC|08/10/2026 12:58:48 AM|08/10/2026 12:58:49 AM|1s|APBOG004|TERMINADO|DIARIO|APPNEPS|                                                                                            
270|CARGA MAPIISSUPC|08/10/2026 12:58:48 AM|08/10/2026 12:58:49 AM|1s|APBOG004|TERMINADO|DIARIO|APPNEPS|                                                                                                
222|PASO DE FACTURAS POR INTERFAZ A APOTEOSYS|08/10/2026 12:58:48 AM|08/10/2026 12:58:48 AM|0s|APBOG004|TERMINADO|DIARIO|APPNEPS|                                                                       
55|TAREA_4_CARGUESUPCV5|08/10/2026 12:58:48 AM|08/10/2026 12:58:50 AM|2s|APBOG004|TERMINADO|DIARIO|APPNEPS|                                                                                             
225|SUSPENCION SERVICIOS POR MORA|08/10/2026 12:58:48 AM|08/10/2026 12:58:49 AM|1s|APBOG004|TERMINADO|DIARIO|APPNEPS|                                                                                   
220|GENERA FACTURAS PAC|08/10/2026 12:58:48 AM|08/10/2026 12:58:48 AM|0s|APBOG004|TERMINADO|DIARIO|APPNEPS|                                                                                             
730|ACT BANDEJA MASTER|08/10/2026 12:58:48 AM|08/10/2026 12:59:16 AM|28s|TPBOG001|TERMINADO|DIARIO|FAMISANA|                                                                                            
45|AUTORI DIARIO|08/10/2026 12:58:51 AM|08/10/2026 03:06:39 AM|2h 7m 48s|TPBOG001|TERMINADO|DIARIO|FAMISANA|                                                                                            
656|AUTOMATIZACION_FUENTES_PORTAFOLIO_NEPS|08/10/2026 12:58:51 AM|08/10/2026 12:59:05 AM|14s|TPBOG001|TERMINADO|DIARIO|BI|                                                                              
728|728_REP_TERCER_CTABAN|08/10/2026 12:58:51 AM|08/10/2026 01:24:01 AM|25m 10s|TPBOG001|TERMINADO|DIARIO|CONT|                                                                                         
443|REPORTE_RUTANOORDINARIA|08/10/2026 12:58:51 AM|08/10/2026 12:59:14 AM|23s|TPBOG001|TERMINADO|DIARIO|PR_BATCH|                                                                                       
573|REP_EXENTOS_COPAGO|08/10/2026 12:58:51 AM|08/10/2026 02:00:28 AM|1h 1m 37s|TPBOG001|TERMINADO|DIARIO|FAMISANA|                                                                                      
305|REP AFILIADO ACT SUB|08/10/2026 12:58:51 AM|08/10/2026 01:45:03 AM|46m 12s|TPBOG001|TERMINADO|DIARIO|FAMISANA|                                                                                      
597|REP_SEG_DECRETO_441|08/10/2026 12:58:52 AM|08/10/2026 02:57:26 AM|1h 58m 34s|TPBOG001|TERMINADO|DIARIO|FAMISANA|                                                                                    
402|REP_FACT_ESTADOS_OUTS_AIC_CAFAM_SEMANAL|08/10/2026 12:58:52 AM|08/10/2026 06:15:53 AM|5h 17m 1s|TPBOG001|TERMINADO|SEMANAL|FAMISANA|                                                                
689|REP_ESTADO_FACT_PRAD|08/10/2026 12:58:52 AM|08/10/2026 01:00:39 AM|1m 47s|TPBOG001|TERMINADO|SEMANAL|FAMISANA|                                                                                      
719|REP_RAD_LINEA_BASE|08/10/2026 12:58:52 AM|08/10/2026 02:25:52 AM|1h 27m|TPBOG001|TERMINADO|DIARIO|FAMISANA|                                                                                         
655|AUTOMATIZACION_FUENTES_POBLACION_ACTIVA|08/10/2026 12:58:53 AM|08/10/2026 12:59:10 AM|17s|TPBOG001|TERMINADO|DIARIO|BI|                                                                             
465|PRONEPS - REPORTE DIARIO|08/10/2026 12:58:53 AM|08/10/2026 12:59:20 AM|27s|TPBOG001|TERMINADO|DIARIO|PR_BATCH|                                                                                      
30|RECAUDO_DIA|08/10/2026 12:58:55 AM|08/10/2026 05:40:02 AM|4h 41m 7s|FSBOG001|TERMINADO|DIARIO|FAMISANA|                                                                                              
720|720_CONSULTACUENTAS|08/10/2026 01:01:40 AM|08/10/2026 01:01:42 AM|2s|TPBOG002|TERMINADO|DIARIO|MDE|                                                                                                 
720|720_CONSULTACUENTAS|08/10/2026 01:06:40 AM|08/10/2026 01:06:42 AM|2s|TPBOG002|TERMINADO|DIARIO|MDE|                                                                                                 
223|ACTUALIZA ESTADOS DE FACTURAS PAGADAS O CANCELADAS|08/10/2026 01:08:47 AM|08/10/2026 01:08:48 AM|1s|APBOG004|TERMINADO|DIARIO|APPNEPS|                                                              
220|GENERA FACTURAS PAC|08/10/2026 01:08:48 AM|08/10/2026 01:08:48 AM|0s|APBOG004|TERMINADO|DIARIO|APPNEPS|                                                                                             
720|720_CONSULTACUENTAS|08/10/2026 01:11:40 AM|08/10/2026 01:11:42 AM|2s|TPBOG002|TERMINADO|DIARIO|MDE|                                                                                                 
730|ACT BANDEJA MASTER|08/10/2026 01:13:47 AM|08/10/2026 01:14:15 AM|28s|TPBOG001|TERMINADO|DIARIO|FAMISANA|                                                                                            
720|720_CONSULTACUENTAS|08/10/2026 01:16:40 AM|08/10/2026 01:16:42 AM|2s|TPBOG002|TERMINADO|DIARIO|MDE|                                                                                                 
220|GENERA FACTURAS PAC|08/10/2026 01:18:48 AM|08/10/2026 01:18:48 AM|0s|APBOG004|TERMINADO|DIARIO|APPNEPS|                                                                                             
223|ACTUALIZA ESTADOS DE FACTURAS PAGADAS O CANCELADAS|08/10/2026 01:18:48 AM|08/10/2026 01:18:48 AM|0s|APBOG004|TERMINADO|DIARIO|APPNEPS|                                                              
549|SERV_POSFECHA_POSCOND|08/10/2026 01:18:48 AM|08/10/2026 03:06:24 AM|1h 47m 36s|TPBOG001|TERMINADO|DIARIO|FAMISANA|                                                                                  
720|720_CONSULTACUENTAS|08/10/2026 01:21:40 AM|08/10/2026 01:21:42 AM|2s|TPBOG002|TERMINADO|DIARIO|MDE|                                                                                                 
720|720_CONSULTACUENTAS|08/10/2026 01:26:40 AM|08/10/2026 01:26:42 AM|2s|TPBOG002|TERMINADO|DIARIO|MDE|                                                                                                 
303|MOVILIDAD PROGRAMADA|08/10/2026 01:28:47 AM|08/10/2026 01:30:41 AM|1m 54s|BDBOG001|TERMINADO|DIARIO|FAMISANA|                                                                                       
547|JOB_EXT_PLANO_UDEA_RUN|08/10/2026 01:28:47 AM|08/10/2026 01:28:48 AM|1s|TPBOG001|TERMINADO|DIARIO|MDE|                                                                                              
92|BAT_PRERADICADO|08/10/2026 01:28:48 AM|08/10/2026 01:28:51 AM|3s|TPBOG001|TERMINADO|DIARIO|FAMISANA|                                                                                                 
55|TAREA_4_CARGUESUPCV5|08/10/2026 01:28:48 AM|08/10/2026 01:28:49 AM|1s|APBOG004|TERMINADO|DIARIO|APPNEPS|                                                                                             
270|CARGA MAPIISSUPC|08/10/2026 01:28:48 AM|08/10/2026 01:28:49 AM|1s|APBOG004|TERMINADO|DIARIO|APPNEPS|                                                                                                
223|ACTUALIZA ESTADOS DE FACTURAS PAGADAS O CANCELADAS|08/10/2026 01:28:48 AM|08/10/2026 01:28:48 AM|0s|APBOG004|TERMINADO|DIARIO|APPNEPS|                                                              
271|DESCARGUE MAPISSSUPC|08/10/2026 01:28:48 AM|08/10/2026 01:28:49 AM|1s|APBOG004|TERMINADO|DIARIO|APPNEPS|                                                                                            
222|PASO DE FACTURAS POR INTERFAZ A APOTEOSYS|08/10/2026 01:28:48 AM|08/10/2026 01:28:48 AM|0s|APBOG004|TERMINADO|DIARIO|APPNEPS|                                                                       
220|GENERA FACTURAS PAC|08/10/2026 01:28:48 AM|08/10/2026 01:28:48 AM|0s|APBOG004|TERMINADO|DIARIO|APPNEPS|                                                                                             
730|ACT BANDEJA MASTER|08/10/2026 01:28:48 AM|08/10/2026 01:29:37 AM|49s|TPBOG001|TERMINADO|DIARIO|FAMISANA|                                                                                            
5|AFILIADOS|08/10/2026 01:28:55 AM|08/10/2026 01:31:13 AM|2m 18s|FSBOG001|TERMINADO|DIARIO|FAMISANA|                                                                                                    
720|720_CONSULTACUENTAS|08/10/2026 01:31:40 AM|08/10/2026 01:31:42 AM|2s|TPBOG002|TERMINADO|DIARIO|MDE|                                                                                                 
720|720_CONSULTACUENTAS|08/10/2026 01:36:40 AM|08/10/2026 01:36:42 AM|2s|TPBOG002|TERMINADO|DIARIO|MDE|                                                                                                 
223|ACTUALIZA ESTADOS DE FACTURAS PAGADAS O CANCELADAS|08/10/2026 01:38:47 AM|08/10/2026 01:38:48 AM|1s|APBOG004|TERMINADO|DIARIO|APPNEPS|                                                              
220|GENERA FACTURAS PAC|08/10/2026 01:38:48 AM|08/10/2026 01:38:48 AM|0s|APBOG004|TERMINADO|DIARIO|APPNEPS|                                                                                             
720|720_CONSULTACUENTAS|08/10/2026 01:41:40 AM|08/10/2026 01:41:42 AM|2s|TPBOG002|TERMINADO|DIARIO|MDE|                                                                                                 
730|ACT BANDEJA MASTER|08/10/2026 01:43:48 AM|08/10/2026 01:44:16 AM|28s|TPBOG001|TERMINADO|DIARIO|FAMISANA|                                                                                            
720|720_CONSULTACUENTAS|08/10/2026 01:46:40 AM|08/10/2026 01:46:42 AM|2s|TPBOG002|TERMINADO|DIARIO|MDE|                                                                                                 
223|ACTUALIZA ESTADOS DE FACTURAS PAGADAS O CANCELADAS|08/10/2026 01:48:47 AM|08/10/2026 01:48:48 AM|1s|APBOG004|TERMINADO|DIARIO|APPNEPS|                                                              
220|GENERA FACTURAS PAC|08/10/2026 01:48:47 AM|08/10/2026 01:48:48 AM|1s|APBOG004|TERMINADO|DIARIO|APPNEPS|                                                                                             
720|720_CONSULTACUENTAS|08/10/2026 01:51:40 AM|08/10/2026 01:51:42 AM|2s|TPBOG002|TERMINADO|DIARIO|MDE|                                                                                                 
720|720_CONSULTACUENTAS|08/10/2026 01:56:40 AM|08/10/2026 01:56:42 AM|2s|TPBOG002|TERMINADO|DIARIO|MDE|                                                                                                 
303|MOVILIDAD PROGRAMADA|08/10/2026 01:58:47 AM|08/10/2026 02:00:24 AM|1m 37s|BDBOG001|TERMINADO|DIARIO|FAMISANA|                                                                                       
134|GESTION|08/10/2026 01:58:47 AM|08/10/2026 02:00:18 AM|1m 31s|BDBOG001|TERMINADO|DIARIO|FAMISANA|                                                                                                    
89|REPORTE AUDITORIA IQ|08/10/2026 01:58:47 AM|||TPBOG001|EN EJECUCION|DIARIO|FAMISANA|                                                                                                                 
223|ACTUALIZA ESTADOS DE FACTURAS PAGADAS O CANCELADAS|08/10/2026 01:58:47 AM|08/10/2026 01:58:48 AM|1s|APBOG004|TERMINADO|DIARIO|APPNEPS|                                                              
142|VERIFICADOR DE NOVEDADES|08/10/2026 01:58:47 AM|08/10/2026 02:45:28 AM|46m 41s|BDBOG001|TERMINADO|DIARIO|FAMISANA|                                                                                  
155|IMAGENES PAGOS|08/10/2026 01:58:47 AM|08/10/2026 02:01:10 AM|2m 23s|BDBOG001|TERMINADO|DIARIO|FAMISANA|                                                                                             
271|DESCARGUE MAPISSSUPC|08/10/2026 01:58:48 AM|08/10/2026 01:58:49 AM|1s|APBOG004|TERMINADO|DIARIO|APPNEPS|                                                                                            
547|JOB_EXT_PLANO_UDEA_RUN|08/10/2026 01:58:48 AM|08/10/2026 01:58:49 AM|1s|TPBOG001|TERMINADO|DIARIO|MDE|                                                                                              
220|GENERA FACTURAS PAC|08/10/2026 01:58:48 AM|08/10/2026 01:58:48 AM|0s|APBOG004|TERMINADO|DIARIO|APPNEPS|                                                                                             
222|PASO DE FACTURAS POR INTERFAZ A APOTEOSYS|08/10/2026 01:58:48 AM|08/10/2026 01:58:48 AM|0s|APBOG004|TERMINADO|DIARIO|APPNEPS|                                                                       
55|TAREA_4_CARGUESUPCV5|08/10/2026 01:58:48 AM|08/10/2026 01:58:49 AM|1s|APBOG004|TERMINADO|DIARIO|APPNEPS|                                                                                             
270|CARGA MAPIISSUPC|08/10/2026 01:58:48 AM|08/10/2026 01:58:49 AM|1s|APBOG004|TERMINADO|DIARIO|APPNEPS|                                                                                                
730|ACT BANDEJA MASTER|08/10/2026 01:58:50 AM|08/10/2026 01:59:36 AM|46s|TPBOG001|TERMINADO|DIARIO|FAMISANA|                                                                                            
484|PRIORIZADOS CALLCENTER|08/10/2026 01:58:50 AM|08/10/2026 01:58:55 AM|5s|TPBOG001|TERMINADO|DIARIO|MDE|                                                                                              
343|DATOS CONTACTO|08/10/2026 01:58:50 AM|08/10/2026 03:04:20 AM|1h 5m 30s|TPBOG001|TERMINADO|DIARIO|FAMISANA|                                                                                          
438|MEDICAMENTOS CONTROLADOS|08/10/2026 01:58:51 AM|08/10/2026 02:00:31 AM|1m 40s|TPBOG001|TERMINADO|DIARIO|N/A|                                                                                        
592|REP_OFICINA_VIRTUAL|08/10/2026 01:58:51 AM|08/10/2026 02:35:21 AM|36m 30s|TPBOG001|TERMINADO|DIARIO|APPNEPS|                                                                                        
516|REPORTE_DET_ENT_ERROR|08/10/2026 01:58:51 AM|08/10/2026 03:16:45 AM|1h 17m 54s|TPBOG001|TERMINADO|SEMANAL|FAMISANA, PR_BATCH|                                                                       
354|MOVILIDAD DNP|08/10/2026 01:58:51 AM|08/10/2026 01:58:58 AM|7s|TPBOG001|TERMINADO|DIARIO|FAMISANA|                                                                                                  
720|720_CONSULTACUENTAS|08/10/2026 02:01:40 AM|08/10/2026 02:01:42 AM|2s|TPBOG002|TERMINADO|DIARIO|MDE|                                                                                                 
720|720_CONSULTACUENTAS|08/10/2026 02:06:40 AM|08/10/2026 02:06:42 AM|2s|TPBOG002|TERMINADO|DIARIO|MDE|                                                                                                 
220|GENERA FACTURAS PAC|08/10/2026 02:08:47 AM|08/10/2026 02:08:48 AM|1s|APBOG004|TERMINADO|DIARIO|APPNEPS|                                                                                             
223|ACTUALIZA ESTADOS DE FACTURAS PAGADAS O CANCELADAS|08/10/2026 02:08:47 AM|08/10/2026 02:08:48 AM|1s|APBOG004|TERMINADO|DIARIO|APPNEPS|                                                              
720|720_CONSULTACUENTAS|08/10/2026 02:11:40 AM|08/10/2026 02:11:42 AM|2s|TPBOG002|TERMINADO|DIARIO|MDE|                                                                                                 
730|ACT BANDEJA MASTER|08/10/2026 02:13:47 AM|08/10/2026 02:14:46 AM|59s|TPBOG001|TERMINADO|DIARIO|FAMISANA|                                                                                            
720|720_CONSULTACUENTAS|08/10/2026 02:16:40 AM|08/10/2026 02:16:42 AM|2s|TPBOG002|TERMINADO|DIARIO|MDE|                                                                                                 
223|ACTUALIZA ESTADOS DE FACTURAS PAGADAS O CANCELADAS|08/10/2026 02:18:47 AM|08/10/2026 02:18:48 AM|1s|APBOG004|TERMINADO|DIARIO|APPNEPS|                                                              
220|GENERA FACTURAS PAC|08/10/2026 02:18:48 AM|08/10/2026 02:18:48 AM|0s|APBOG004|TERMINADO|DIARIO|APPNEPS|                                                                                             
720|720_CONSULTACUENTAS|08/10/2026 02:21:40 AM|08/10/2026 02:21:42 AM|2s|TPBOG002|TERMINADO|DIARIO|MDE|                                                                                                 
720|720_CONSULTACUENTAS|08/10/2026 02:26:40 AM|08/10/2026 02:26:42 AM|2s|TPBOG002|TERMINADO|DIARIO|MDE|                                                                                                 
220|GENERA FACTURAS PAC|08/10/2026 02:28:47 AM|08/10/2026 02:28:48 AM|1s|APBOG004|TERMINADO|DIARIO|APPNEPS|                                                                                             
303|MOVILIDAD PROGRAMADA|08/10/2026 02:28:47 AM|08/10/2026 02:30:13 AM|1m 26s|BDBOG001|TERMINADO|DIARIO|FAMISANA|                                                                                       
223|ACTUALIZA ESTADOS DE FACTURAS PAGADAS O CANCELADAS|08/10/2026 02:28:47 AM|08/10/2026 02:28:48 AM|1s|APBOG004|TERMINADO|DIARIO|APPNEPS|                                                              
222|PASO DE FACTURAS POR INTERFAZ A APOTEOSYS|08/10/2026 02:28:48 AM|08/10/2026 02:28:48 AM|0s|APBOG004|TERMINADO|DIARIO|APPNEPS|                                                                       
547|JOB_EXT_PLANO_UDEA_RUN|08/10/2026 02:28:48 AM|08/10/2026 02:28:49 AM|1s|TPBOG001|TERMINADO|DIARIO|MDE|                                                                                              
730|ACT BANDEJA MASTER|08/10/2026 02:28:48 AM|08/10/2026 02:29:24 AM|36s|TPBOG001|TERMINADO|DIARIO|FAMISANA|                                                                                            
355|MOVILIDAD EPSS37|08/10/2026 02:28:48 AM|08/10/2026 02:28:56 AM|8s|TPBOG001|TERMINADO|DIARIO|FAMISANA|                                                                                               
271|DESCARGUE MAPISSSUPC|08/10/2026 02:28:48 AM|08/10/2026 02:28:49 AM|1s|APBOG004|TERMINADO|DIARIO|APPNEPS|                                                                                            
270|CARGA MAPIISSUPC|08/10/2026 02:28:48 AM|08/10/2026 02:28:49 AM|1s|APBOG004|TERMINADO|DIARIO|APPNEPS|                                                                                                
55|TAREA_4_CARGUESUPCV5|08/10/2026 02:28:48 AM|08/10/2026 02:28:49 AM|1s|APBOG004|TERMINADO|DIARIO|APPNEPS|                                                                                             
720|720_CONSULTACUENTAS|08/10/2026 02:31:40 AM|08/10/2026 02:31:42 AM|2s|TPBOG002|TERMINADO|DIARIO|MDE|                                                                                                 
720|720_CONSULTACUENTAS|08/10/2026 02:36:40 AM|08/10/2026 02:36:42 AM|2s|TPBOG002|TERMINADO|DIARIO|MDE|                                                                                                 
220|GENERA FACTURAS PAC|08/10/2026 02:38:47 AM|08/10/2026 02:38:48 AM|1s|APBOG004|TERMINADO|DIARIO|APPNEPS|                                                                                             
144|GENERACIÓN DE ARCHIVOS IPS|08/10/2026 02:38:47 AM|08/10/2026 03:46:01 AM|1h 7m 14s|BDBOG001|TERMINADO|DIARIO|FAMISANA|                                                                              
223|ACTUALIZA ESTADOS DE FACTURAS PAGADAS O CANCELADAS|08/10/2026 02:38:47 AM|08/10/2026 02:38:48 AM|1s|APBOG004|TERMINADO|DIARIO|APPNEPS|                                                              
720|720_CONSULTACUENTAS|08/10/2026 02:41:40 AM|08/10/2026 02:41:42 AM|2s|TPBOG002|TERMINADO|DIARIO|MDE|                                                                                                 
356|MOVILIDAD EPSS41|08/10/2026 02:43:48 AM|08/10/2026 02:43:54 AM|6s|FSBOG001|TERMINADO|DIARIO|FAMISANA|                                                                                               
730|ACT BANDEJA MASTER|08/10/2026 02:43:48 AM|08/10/2026 02:44:24 AM|36s|TPBOG001|TERMINADO|DIARIO|FAMISANA|                                                                                            
720|720_CONSULTACUENTAS|08/10/2026 02:46:40 AM|08/10/2026 02:46:42 AM|2s|TPBOG002|TERMINADO|DIARIO|MDE|                                                                                                 
223|ACTUALIZA ESTADOS DE FACTURAS PAGADAS O CANCELADAS|08/10/2026 02:48:47 AM|08/10/2026 02:48:48 AM|1s|APBOG004|TERMINADO|DIARIO|APPNEPS|                                                              
220|GENERA FACTURAS PAC|08/10/2026 02:48:47 AM|08/10/2026 02:48:48 AM|1s|APBOG004|TERMINADO|DIARIO|APPNEPS|                                                                                             
720|720_CONSULTACUENTAS|08/10/2026 02:51:40 AM|08/10/2026 02:51:42 AM|2s|TPBOG002|TERMINADO|DIARIO|MDE|                                                                                                 
720|720_CONSULTACUENTAS|08/10/2026 02:56:40 AM|08/10/2026 02:56:42 AM|2s|TPBOG002|TERMINADO|DIARIO|MDE|                                                                                                 
298|SALDOS LEGALIZACION|08/10/2026 02:56:55 AM|08/10/2026 03:04:23 AM|7m 28s|FSBOG001|TERMINADO|DIARIO|CONT|                                                                                            
379|VALIDACION VIG CORREO PORTAL|08/10/2026 02:58:47 AM|08/10/2026 03:00:50 AM|2m 3s|BDBOG001|TERMINADO|DIARIO|FAMISANA|                                                                                
325|ACT FORMATO DE INTEGRALIDAD|08/10/2026 02:58:47 AM|08/10/2026 02:59:01 AM|14s|APBOG004|TERMINADO|DIARIO|APPNEPS|                                                                                    
303|MOVILIDAD PROGRAMADA|08/10/2026 02:58:47 AM|08/10/2026 03:00:39 AM|1m 52s|BDBOG001|TERMINADO|DIARIO|FAMISANA|                                                                                       
37|10_AUTORIZACIONES_AM_DIAGEN|08/10/2026 02:58:47 AM|08/10/2026 02:59:59 AM|1m 12s|APBOG006|TERMINADO|MENSUAL|FAMISANA|                                                                                
0|5_DOCPEN_WEB|08/10/2026 02:58:47 AM|08/10/2026 03:08:02 AM|9m 15s|APBOG006|TERMINADO|DIARIO|FAMISANA|                                                                                                 
224|ACTUALIZACION DE AFILIADOS INTEGRAL EN INT_APPNEPS|08/10/2026 02:58:47 AM|08/10/2026 03:41:37 AM|42m 50s|APBOG004|TERMINADO|DIARIO|APPNEPS|                                                         
223|ACTUALIZA ESTADOS DE FACTURAS PAGADAS O CANCELADAS|08/10/2026 02:58:47 AM|08/10/2026 02:58:48 AM|1s|APBOG004|TERMINADO|DIARIO|APPNEPS|                                                              
146|ARCHIVOS PARA PEP|08/10/2026 02:58:47 AM|08/10/2026 03:42:52 AM|44m 5s|BDBOG001|TERMINADO|DIARIO|FAMISANA|                                                                                          
145|ESTADOS DE RADICACION|08/10/2026 02:58:47 AM|08/10/2026 03:01:57 AM|3m 10s|BDBOG001|TERMINADO|DIARIO|FAMISANA|                                                                                      
271|DESCARGUE MAPISSSUPC|08/10/2026 02:58:48 AM|08/10/2026 02:58:49 AM|1s|APBOG004|TERMINADO|DIARIO|APPNEPS|                                                                                            
270|CARGA MAPIISSUPC|08/10/2026 02:58:48 AM|08/10/2026 02:58:49 AM|1s|APBOG004|TERMINADO|DIARIO|APPNEPS|                                                                                                
220|GENERA FACTURAS PAC|08/10/2026 02:58:48 AM|08/10/2026 02:58:48 AM|0s|APBOG004|TERMINADO|DIARIO|APPNEPS|                                                                                             
222|PASO DE FACTURAS POR INTERFAZ A APOTEOSYS|08/10/2026 02:58:48 AM|08/10/2026 02:58:48 AM|0s|APBOG004|TERMINADO|DIARIO|APPNEPS|                                                                       
55|TAREA_4_CARGUESUPCV5|08/10/2026 02:58:48 AM|08/10/2026 02:58:50 AM|2s|APBOG004|TERMINADO|DIARIO|APPNEPS|                                                                                             
547|JOB_EXT_PLANO_UDEA_RUN|08/10/2026 02:58:48 AM|08/10/2026 02:58:51 AM|3s|TPBOG001|TERMINADO|DIARIO|MDE|                                                                                              
646|REP_FACT_OPERADOR|08/10/2026 02:58:51 AM|08/10/2026 05:06:10 AM|2h 7m 19s|TPBOG001|TERMINADO|SEMANAL|FAMISANA|                                                                                      
672|REP_COSTO_PROCESADO|08/10/2026 02:58:52 AM|08/10/2026 03:06:38 AM|7m 46s|TPBOG001|TERMINADO|DIARIO|FAMISANA|                                                                                        
729|729_ACTIVACION_MORA|08/10/2026 02:58:52 AM|08/10/2026 04:10:38 AM|1h 11m 46s|TPBOG001|TERMINADO|DIARIO|Famisana|                                                                                    
683|REP_PAGOS_ULTIMOS_TRESMESES|08/10/2026 02:58:52 AM|08/10/2026 02:59:05 AM|13s|TPBOG001|TERMINADO|DIARIO|CONT|                                                                                       
457|REPORTE_PRESCRIPCIONES_MIPRES_MES|08/10/2026 02:58:53 AM|08/10/2026 03:01:04 AM|2m 11s|TPBOG001|TERMINADO|DIARIO|PR_BATCH|                                                                          
537|REP_GESTIONADO_MIPRES_NEW|08/10/2026 02:58:53 AM|08/10/2026 03:37:35 AM|38m 42s|TPBOG001|TERMINADO|DIARIO|PR_BATCH|                                                                                 
730|ACT BANDEJA MASTER|08/10/2026 02:58:53 AM|08/10/2026 02:59:56 AM|1m 3s|TPBOG001|TERMINADO|DIARIO|FAMISANA|                                                                                          
472|CARGA_PANEL_COMERCIAL|08/10/2026 02:58:53 AM|08/10/2026 02:59:00 AM|7s|TPBOG001|TERMINADO|DIARIO|PR_BATCH|                                                                                          
322|MARCA EXENTOS SUB|08/10/2026 02:58:56 AM|08/10/2026 06:17:35 AM|3h 18m 39s|FSBOG001|TERMINADO|SEMANAL|FAMISANA|                                                                                     
588|RPT_CONTROL_PRESCRIPCION|08/10/2026 02:58:56 AM|08/10/2026 03:06:23 AM|7m 27s|TPBOG001|TERMINADO|DIARIO|FAMISANA|                                                                                   
534|SOL_PAGOS_APOR_PORTAL|08/10/2026 02:58:56 AM|08/10/2026 02:59:22 AM|26s|FSBOG001|TERMINADO|DIARIO|FAMISANA|                                                                                         
626|REP_RAD_ANULADOS|08/10/2026 02:58:56 AM|08/10/2026 03:08:49 AM|9m 53s|TPBOG001|TERMINADO|DIARIO|FAMISANA|                                                                                           
720|720_CONSULTACUENTAS|08/10/2026 03:01:40 AM|08/10/2026 03:01:42 AM|2s|TPBOG002|TERMINADO|DIARIO|MDE|                                                                                                 
720|720_CONSULTACUENTAS|08/10/2026 03:06:40 AM|08/10/2026 03:06:42 AM|2s|TPBOG002|TERMINADO|DIARIO|MDE|                                                                                                 
223|ACTUALIZA ESTADOS DE FACTURAS PAGADAS O CANCELADAS|08/10/2026 03:08:47 AM|08/10/2026 03:08:48 AM|1s|APBOG004|TERMINADO|DIARIO|APPNEPS|                                                              
220|GENERA FACTURAS PAC|08/10/2026 03:08:47 AM|08/10/2026 03:08:48 AM|1s|APBOG004|TERMINADO|DIARIO|APPNEPS|                                                                                             
380|REP WALKER C100|08/10/2026 03:08:55 AM|08/10/2026 03:36:57 AM|28m 2s|FSBOG001|TERMINADO|DIARIO|FAMISANA|                                                                                            
720|720_CONSULTACUENTAS|08/10/2026 03:11:40 AM|08/10/2026 03:11:42 AM|2s|TPBOG002|TERMINADO|DIARIO|MDE|                                                                                                 
730|ACT BANDEJA MASTER|08/10/2026 03:13:48 AM|08/10/2026 03:14:19 AM|31s|TPBOG001|TERMINADO|DIARIO|FAMISANA|                                                                                            
263|REP FACT ESTADOS OUT DIARIO|08/10/2026 03:13:49 AM|08/10/2026 03:14:21 AM|32s|TPBOG001|TERMINADO|DIARIO|FAMISANA|                                                                                   
31|RECAUDO_TOTAL|08/10/2026 03:13:55 AM|||FSBOG001|EN EJECUCION|DIARIO|FAMISANA|                                                                                                                        
720|720_CONSULTACUENTAS|08/10/2026 03:16:40 AM|08/10/2026 03:16:42 AM|2s|TPBOG002|TERMINADO|DIARIO|MDE|                                                                                                 
220|GENERA FACTURAS PAC|08/10/2026 03:18:47 AM|08/10/2026 03:18:48 AM|1s|APBOG004|TERMINADO|DIARIO|APPNEPS|                                                                                             
223|ACTUALIZA ESTADOS DE FACTURAS PAGADAS O CANCELADAS|08/10/2026 03:18:47 AM|08/10/2026 03:18:48 AM|1s|APBOG004|TERMINADO|DIARIO|APPNEPS|                                                              
4|AFILEMPRESA2|08/10/2026 03:18:55 AM|08/10/2026 06:11:17 AM|2h 52m 22s|FSBOG001|TERMINADO|DIARIO|FAMISANA|                                                                                             
720|720_CONSULTACUENTAS|08/10/2026 03:21:40 AM|08/10/2026 03:21:42 AM|2s|TPBOG002|TERMINADO|DIARIO|MDE|                                                                                                 
720|720_CONSULTACUENTAS|08/10/2026 03:26:40 AM|08/10/2026 03:26:42 AM|2s|TPBOG002|TERMINADO|DIARIO|MDE|                                                                                                 
223|ACTUALIZA ESTADOS DE FACTURAS PAGADAS O CANCELADAS|08/10/2026 03:28:47 AM|08/10/2026 03:28:48 AM|1s|APBOG004|TERMINADO|DIARIO|APPNEPS|                                                              
220|GENERA FACTURAS PAC|08/10/2026 03:28:47 AM|08/10/2026 03:28:48 AM|1s|APBOG004|TERMINADO|DIARIO|APPNEPS|                                                                                             
303|MOVILIDAD PROGRAMADA|08/10/2026 03:28:47 AM|08/10/2026 03:30:58 AM|2m 11s|BDBOG001|TERMINADO|DIARIO|FAMISANA|                                                                                       
547|JOB_EXT_PLANO_UDEA_RUN|08/10/2026 03:28:47 AM|08/10/2026 03:28:48 AM|1s|TPBOG001|TERMINADO|DIARIO|MDE|                                                                                              
730|ACT BANDEJA MASTER|08/10/2026 03:28:48 AM|08/10/2026 03:29:17 AM|29s|TPBOG001|TERMINADO|DIARIO|FAMISANA|                                                                                            
55|TAREA_4_CARGUESUPCV5|08/10/2026 03:29:08 AM|08/10/2026 03:29:10 AM|2s|APBOG004|TERMINADO|DIARIO|APPNEPS|                                                                                             
222|PASO DE FACTURAS POR INTERFAZ A APOTEOSYS|08/10/2026 03:29:08 AM|08/10/2026 03:29:08 AM|0s|APBOG004|TERMINADO|DIARIO|APPNEPS|                                                                       
270|CARGA MAPIISSUPC|08/10/2026 03:29:08 AM|08/10/2026 03:29:09 AM|1s|APBOG004|TERMINADO|DIARIO|APPNEPS|                                                                                                
271|DESCARGUE MAPISSSUPC|08/10/2026 03:29:08 AM|08/10/2026 03:29:10 AM|2s|APBOG004|TERMINADO|DIARIO|APPNEPS|                                                                                            
720|720_CONSULTACUENTAS|08/10/2026 03:31:40 AM|08/10/2026 03:31:42 AM|2s|TPBOG002|TERMINADO|DIARIO|MDE|                                                                                                 
720|720_CONSULTACUENTAS|08/10/2026 03:36:40 AM|08/10/2026 03:36:42 AM|2s|TPBOG002|TERMINADO|DIARIO|MDE|                                                                                                 
223|ACTUALIZA ESTADOS DE FACTURAS PAGADAS O CANCELADAS|08/10/2026 03:38:47 AM|08/10/2026 03:38:48 AM|1s|APBOG004|TERMINADO|DIARIO|APPNEPS|                                                              
220|GENERA FACTURAS PAC|08/10/2026 03:38:47 AM|08/10/2026 03:38:48 AM|1s|APBOG004|TERMINADO|DIARIO|APPNEPS|                                                                                             
720|720_CONSULTACUENTAS|08/10/2026 03:41:40 AM|08/10/2026 03:41:42 AM|2s|TPBOG002|TERMINADO|DIARIO|MDE|                                                                                                 
730|ACT BANDEJA MASTER|08/10/2026 03:43:48 AM|08/10/2026 03:44:15 AM|27s|TPBOG001|TERMINADO|DIARIO|FAMISANA|                                                                                            
720|720_CONSULTACUENTAS|08/10/2026 03:46:40 AM|08/10/2026 03:46:42 AM|2s|TPBOG002|TERMINADO|DIARIO|MDE|                                                                                                 
223|ACTUALIZA ESTADOS DE FACTURAS PAGADAS O CANCELADAS|08/10/2026 03:48:47 AM|08/10/2026 03:48:48 AM|1s|APBOG004|TERMINADO|DIARIO|APPNEPS|                                                              
220|GENERA FACTURAS PAC|08/10/2026 03:48:47 AM|08/10/2026 03:48:48 AM|1s|APBOG004|TERMINADO|DIARIO|APPNEPS|                                                                                             
720|720_CONSULTACUENTAS|08/10/2026 03:51:40 AM|08/10/2026 03:51:42 AM|2s|TPBOG002|TERMINADO|DIARIO|MDE|                                                                                                 
255|REP OUTSOURCING PARA IQ|08/10/2026 03:53:49 AM|08/10/2026 04:52:11 AM|58m 22s|TPBOG001|TERMINADO|DIARIO|FAMISANA|                                                                                   
720|720_CONSULTACUENTAS|08/10/2026 03:56:40 AM|08/10/2026 03:56:42 AM|2s|TPBOG002|TERMINADO|DIARIO|MDE|                                                                                                 
223|ACTUALIZA ESTADOS DE FACTURAS PAGADAS O CANCELADAS|08/10/2026 03:58:47 AM|08/10/2026 03:58:48 AM|1s|APBOG004|TERMINADO|DIARIO|APPNEPS|                                                              
270|CARGA MAPIISSUPC|08/10/2026 03:58:47 AM|08/10/2026 03:58:49 AM|2s|APBOG004|TERMINADO|DIARIO|APPNEPS|                                                                                                
303|MOVILIDAD PROGRAMADA|08/10/2026 03:58:47 AM|08/10/2026 04:00:34 AM|1m 47s|BDBOG001|TERMINADO|DIARIO|FAMISANA|                                                                                       
220|GENERA FACTURAS PAC|08/10/2026 03:58:47 AM|08/10/2026 03:58:48 AM|1s|APBOG004|TERMINADO|DIARIO|APPNEPS|                                                                                             
55|TAREA_4_CARGUESUPCV5|08/10/2026 03:58:48 AM|08/10/2026 03:58:49 AM|1s|APBOG004|TERMINADO|DIARIO|APPNEPS|                                                                                             
222|PASO DE FACTURAS POR INTERFAZ A APOTEOSYS|08/10/2026 03:58:48 AM|08/10/2026 03:58:48 AM|0s|APBOG004|TERMINADO|DIARIO|APPNEPS|                                                                       
354|MOVILIDAD DNP|08/10/2026 03:58:48 AM|08/10/2026 03:58:58 AM|10s|TPBOG001|TERMINADO|DIARIO|FAMISANA|                                                                                                 
271|DESCARGUE MAPISSSUPC|08/10/2026 03:58:48 AM|08/10/2026 03:58:49 AM|1s|APBOG004|TERMINADO|DIARIO|APPNEPS|                                                                                            
730|ACT BANDEJA MASTER|08/10/2026 03:58:48 AM|08/10/2026 03:59:17 AM|29s|TPBOG001|TERMINADO|DIARIO|FAMISANA|                                                                                            
547|JOB_EXT_PLANO_UDEA_RUN|08/10/2026 03:58:49 AM|08/10/2026 03:58:52 AM|3s|TPBOG001|TERMINADO|DIARIO|MDE|                                                                                              
596|REP_NOTIF_DEV_ORDGLOSA|08/10/2026 03:58:52 AM|08/10/2026 04:01:35 AM|2m 43s|TPBOG001|TERMINADO|DIARIO|FAMISANA|                                                                                     
583|REPORTE_EJECUCION_RN_PRODUCTOS_ESP|08/10/2026 03:58:52 AM|08/10/2026 03:59:04 AM|12s|TPBOG001|TERMINADO|DIARIO|FAMISANA|                                                                            
530|REPORTE GENERAL TUTELAS|08/10/2026 03:58:52 AM|08/10/2026 04:20:24 AM|21m 32s|TPBOG001|TERMINADO|DIARIO|APPNEPS|                                                                                    
361|DESCARGUE MIPRES 3951|08/10/2026 03:58:52 AM|08/10/2026 03:59:09 AM|17s|TPBOG001|TERMINADO|DIARIO|PR_BATCH|                                                                                         
448|REPORTE_DECISIONES_PARCIALES|08/10/2026 03:58:52 AM|08/10/2026 05:04:41 AM|1h 5m 49s|TPBOG001|TERMINADO|DIARIO|FAMISANA|                                                                            
619|619_RPT_IPS_PRIORIZADAS|08/10/2026 03:58:52 AM|08/10/2026 04:04:58 AM|6m 6s|TPBOG001|TERMINADO|DIARIO|FAMISANA|                                                                                     
709|REPORTES_AUTORIZACIONES_POS_MEDICAMENTOS|08/10/2026 03:58:53 AM|08/10/2026 04:44:29 AM|45m 36s|TPBOG001|TERMINADO|DIARIO|FAMISANA|                                                                  
401|CONTRATACION_ASOCIADAS|08/10/2026 03:58:53 AM|08/10/2026 04:20:53 AM|22m|TPBOG001|TERMINADO|DIARIO|FAMISANA|                                                                                        
642|REP_DEVOL_DIARIO|08/10/2026 03:58:53 AM|08/10/2026 04:04:33 AM|5m 40s|TPBOG001|TERMINADO|DIARIO|FAMISANA|                                                                                           
531|CARGAUSUARIOS|08/10/2026 03:58:54 AM|08/10/2026 03:59:11 AM|17s|TPBOG001|TERMINADO|DIARIO|PR_BATCH|                                                                                                 
566|REP_COHORTE_ONCOLOGICO|08/10/2026 03:58:54 AM|08/10/2026 03:59:05 AM|11s|TPBOG001|TERMINADO|DIARIO|FAMISANA|                                                                                        
425|REPORTES_CONTRATACION_IPS|08/10/2026 03:58:54 AM|08/10/2026 05:53:34 AM|1h 54m 40s|TPBOG001|TERMINADO|SEMANAL|FAMISANA|                                                                             
671|EXPORTABLES_V3|08/10/2026 03:58:54 AM|08/10/2026 04:25:22 AM|26m 28s|TPBOG001|TERMINADO|DIARIO|APPNEPS|                                                                                             
543|AFILSUBSIDIADO|08/10/2026 03:58:55 AM|08/10/2026 05:00:28 AM|1h 1m 33s|FSBOG001|TERMINADO|DIARIO|FAMISANA|                                                                                          
318|FACTURAS PENDIENTES|08/10/2026 03:58:55 AM|08/10/2026 03:59:35 AM|40s|FSBOG001|TERMINADO|DIARIO|FAMISANA|                                                                                           
107|USUARIOS_SISTEMAS|08/10/2026 03:58:56 AM|08/10/2026 04:47:29 AM|48m 33s|FSBOG001|TERMINADO|MENSUAL|FAMISANA|                                                                                        
266|REP ACUERDO PAGOS|08/10/2026 03:58:56 AM|08/10/2026 04:15:32 AM|16m 36s|FSBOG001|TERMINADO|MENSUAL|FAMISANA|                                                                                        
122|CASO_34687_DETALLE_AFILIADOSATEP|08/10/2026 03:58:57 AM|08/10/2026 04:06:07 AM|7m 10s|FSBOG001|TERMINADO|DIARIO|FAMISANA|                                                                           
538|AUTORI_BACK_AYA|08/10/2026 03:58:57 AM|08/10/2026 04:02:11 AM|3m 14s|FSBOG001|TERMINADO|DIARIO|FAMISANA|                                                                                            
383|REP_DECISIONES_GES_DIA|08/10/2026 03:58:57 AM|08/10/2026 03:59:11 AM|14s|FSBOG001|TERMINADO|DIARIO|FAMISANA|                                                                                        
720|720_CONSULTACUENTAS|08/10/2026 04:01:40 AM|08/10/2026 04:01:42 AM|2s|TPBOG002|TERMINADO|DIARIO|MDE|                                                                                                 
720|720_CONSULTACUENTAS|08/10/2026 04:06:40 AM|08/10/2026 04:06:42 AM|2s|TPBOG002|TERMINADO|DIARIO|MDE|                                                                                                 
220|GENERA FACTURAS PAC|08/10/2026 04:08:47 AM|08/10/2026 04:08:48 AM|1s|APBOG004|TERMINADO|DIARIO|APPNEPS|                                                                                             
223|ACTUALIZA ESTADOS DE FACTURAS PAGADAS O CANCELADAS|08/10/2026 04:08:47 AM|08/10/2026 04:08:48 AM|1s|APBOG004|TERMINADO|DIARIO|APPNEPS|                                                              
264|DATOS CTC HIST|08/10/2026 04:08:54 AM|08/10/2026 04:08:57 AM|3s|FSBOG001|TERMINADO|DIARIO|FAMISANA|                                                                                                 
720|720_CONSULTACUENTAS|08/10/2026 04:11:40 AM|08/10/2026 04:11:42 AM|2s|TPBOG002|TERMINADO|DIARIO|MDE|                                                                                                 
730|ACT BANDEJA MASTER|08/10/2026 04:13:48 AM|08/10/2026 04:14:17 AM|29s|TPBOG001|TERMINADO|DIARIO|FAMISANA|                                                                                            
336|REP AFILIADO DISCAPACIDAD|08/10/2026 04:13:49 AM|08/10/2026 04:21:26 AM|7m 37s|TPBOG001|TERMINADO|DIARIO|FAMISANA|                                                                                  
327|CAMBIO DATOS BASICOS|08/10/2026 04:13:49 AM|08/10/2026 04:17:18 AM|3m 29s|TPBOG001|TERMINADO|DIARIO|FAMISANA|                                                                                       
720|720_CONSULTACUENTAS|08/10/2026 04:16:40 AM|08/10/2026 04:16:42 AM|2s|TPBOG002|TERMINADO|DIARIO|MDE|                                                                                                 
223|ACTUALIZA ESTADOS DE FACTURAS PAGADAS O CANCELADAS|08/10/2026 04:18:47 AM|08/10/2026 04:18:48 AM|1s|APBOG004|TERMINADO|DIARIO|APPNEPS|                                                              
220|GENERA FACTURAS PAC|08/10/2026 04:18:47 AM|08/10/2026 04:18:48 AM|1s|APBOG004|TERMINADO|DIARIO|APPNEPS|                                                                                             
331|RECLASIFICACION COSTO AGRUPADO|08/10/2026 04:18:49 AM|08/10/2026 05:10:34 AM|51m 45s|TPBOG001|TERMINADO|DIARIO|FAMISANA|                                                                            
720|720_CONSULTACUENTAS|08/10/2026 04:21:40 AM|08/10/2026 04:21:42 AM|2s|TPBOG002|TERMINADO|DIARIO|MDE|                                                                                                 
57|AFILIADODETCAUSAL|08/10/2026 04:23:54 AM|08/10/2026 06:28:38 AM|2h 4m 44s|FSBOG001|TERMINADO|DIARIO|FAMISANA|                                                                                        
720|720_CONSULTACUENTAS|08/10/2026 04:26:40 AM|08/10/2026 04:26:42 AM|2s|TPBOG002|TERMINADO|DIARIO|MDE|                                                                                                 
303|MOVILIDAD PROGRAMADA|08/10/2026 04:28:46 AM|08/10/2026 04:30:43 AM|1m 57s|BDBOG001|TERMINADO|DIARIO|FAMISANA|                                                                                       
220|GENERA FACTURAS PAC|08/10/2026 04:28:47 AM|08/10/2026 04:28:48 AM|1s|APBOG004|TERMINADO|DIARIO|APPNEPS|                                                                                             
270|CARGA MAPIISSUPC|08/10/2026 04:28:47 AM|08/10/2026 04:28:49 AM|2s|APBOG004|TERMINADO|DIARIO|APPNEPS|                                                                                                
223|ACTUALIZA ESTADOS DE FACTURAS PAGADAS O CANCELADAS|08/10/2026 04:28:47 AM|08/10/2026 04:28:48 AM|1s|APBOG004|TERMINADO|DIARIO|APPNEPS|                                                              
222|PASO DE FACTURAS POR INTERFAZ A APOTEOSYS|08/10/2026 04:28:48 AM|08/10/2026 04:28:48 AM|0s|APBOG004|TERMINADO|DIARIO|APPNEPS|                                                                       
547|JOB_EXT_PLANO_UDEA_RUN|08/10/2026 04:28:48 AM|08/10/2026 04:28:49 AM|1s|TPBOG001|TERMINADO|DIARIO|MDE|                                                                                              
355|MOVILIDAD EPSS37|08/10/2026 04:28:48 AM|08/10/2026 04:28:55 AM|7s|TPBOG001|TERMINADO|DIARIO|FAMISANA|                                                                                               
271|DESCARGUE MAPISSSUPC|08/10/2026 04:28:48 AM|08/10/2026 04:28:49 AM|1s|APBOG004|TERMINADO|DIARIO|APPNEPS|                                                                                            
55|TAREA_4_CARGUESUPCV5|08/10/2026 04:28:48 AM|08/10/2026 04:28:49 AM|1s|APBOG004|TERMINADO|DIARIO|APPNEPS|                                                                                             
730|ACT BANDEJA MASTER|08/10/2026 04:28:49 AM|08/10/2026 04:29:16 AM|27s|TPBOG001|TERMINADO|DIARIO|FAMISANA|                                                                                            
9|AFILXEMPRESA|08/10/2026 04:28:50 AM|08/10/2026 06:52:23 AM|2h 23m 33s|TPBOG001|TERMINADO|DIARIO|FAMISANA|                                                                                             
39|ENVIO ARCHIVOS IPS EXCLUSIVAS DE A&A Y NO EXCLUSIVAS|08/10/2026 04:28:51 AM|||APBOG006|EN EJECUCION|DIARIO|FAMISANA|                                                                                 
720|720_CONSULTACUENTAS|08/10/2026 04:31:40 AM|08/10/2026 04:31:42 AM|2s|TPBOG002|TERMINADO|DIARIO|MDE|                                                                                                 
720|720_CONSULTACUENTAS|08/10/2026 04:36:40 AM|08/10/2026 04:36:42 AM|2s|TPBOG002|TERMINADO|DIARIO|MDE|                                                                                                 
223|ACTUALIZA ESTADOS DE FACTURAS PAGADAS O CANCELADAS|08/10/2026 04:38:47 AM|08/10/2026 04:38:48 AM|1s|APBOG004|TERMINADO|DIARIO|APPNEPS|                                                              
220|GENERA FACTURAS PAC|08/10/2026 04:38:47 AM|08/10/2026 04:38:48 AM|1s|APBOG004|TERMINADO|DIARIO|APPNEPS|                                                                                             
720|720_CONSULTACUENTAS|08/10/2026 04:41:40 AM|08/10/2026 04:41:42 AM|2s|TPBOG002|TERMINADO|DIARIO|MDE|                                                                                                 
356|MOVILIDAD EPSS41|08/10/2026 04:43:47 AM|08/10/2026 04:43:53 AM|6s|FSBOG001|TERMINADO|DIARIO|FAMISANA|                                                                                               
730|ACT BANDEJA MASTER|08/10/2026 04:43:48 AM|08/10/2026 04:44:15 AM|27s|TPBOG001|TERMINADO|DIARIO|FAMISANA|                                                                                            
364|NOVEDADES DE AUTORIZACION POR USUARIO|08/10/2026 04:43:49 AM|08/10/2026 04:47:46 AM|3m 57s|TPBOG001|TERMINADO|SEMANAL|FAMISANA|                                                                     
720|720_CONSULTACUENTAS|08/10/2026 04:46:40 AM|08/10/2026 04:46:42 AM|2s|TPBOG002|TERMINADO|DIARIO|MDE|                                                                                                 
223|ACTUALIZA ESTADOS DE FACTURAS PAGADAS O CANCELADAS|08/10/2026 04:48:47 AM|08/10/2026 04:48:48 AM|1s|APBOG004|TERMINADO|DIARIO|APPNEPS|                                                              
220|GENERA FACTURAS PAC|08/10/2026 04:48:47 AM|08/10/2026 04:48:48 AM|1s|APBOG004|TERMINADO|DIARIO|APPNEPS|                                                                                             
720|720_CONSULTACUENTAS|08/10/2026 04:51:40 AM|08/10/2026 04:51:42 AM|2s|TPBOG002|TERMINADO|DIARIO|MDE|                                                                                                 
720|720_CONSULTACUENTAS|08/10/2026 04:56:40 AM|08/10/2026 04:56:42 AM|2s|TPBOG002|TERMINADO|DIARIO|MDE|                                                                                                 
223|ACTUALIZA ESTADOS DE FACTURAS PAGADAS O CANCELADAS|08/10/2026 04:58:47 AM|08/10/2026 04:58:48 AM|1s|APBOG004|TERMINADO|DIARIO|APPNEPS|                                                              
303|MOVILIDAD PROGRAMADA|08/10/2026 04:58:47 AM|08/10/2026 05:00:42 AM|1m 55s|BDBOG001|TERMINADO|DIARIO|FAMISANA|                                                                                       
220|GENERA FACTURAS PAC|08/10/2026 04:58:48 AM|08/10/2026 04:58:48 AM|0s|APBOG004|TERMINADO|DIARIO|APPNEPS|                                                                                             
222|PASO DE FACTURAS POR INTERFAZ A APOTEOSYS|08/10/2026 04:58:48 AM|08/10/2026 04:58:48 AM|0s|APBOG004|TERMINADO|DIARIO|APPNEPS|                                                                       
271|DESCARGUE MAPISSSUPC|08/10/2026 04:58:48 AM|08/10/2026 04:58:49 AM|1s|APBOG004|TERMINADO|DIARIO|APPNEPS|                                                                                            
270|CARGA MAPIISSUPC|08/10/2026 04:58:48 AM|08/10/2026 04:58:49 AM|1s|APBOG004|TERMINADO|DIARIO|APPNEPS|                                                                                                
55|TAREA_4_CARGUESUPCV5|08/10/2026 04:58:48 AM|08/10/2026 04:58:49 AM|1s|APBOG004|TERMINADO|DIARIO|APPNEPS|                                                                                             
730|ACT BANDEJA MASTER|08/10/2026 04:58:48 AM|08/10/2026 04:59:17 AM|29s|TPBOG001|TERMINADO|DIARIO|FAMISANA|                                                                                            
547|JOB_EXT_PLANO_UDEA_RUN|08/10/2026 04:58:48 AM|08/10/2026 04:58:52 AM|4s|TPBOG001|TERMINADO|DIARIO|MDE|                                                                                              
456|REPORTE_ONCOLOGIA_MENORES|08/10/2026 04:58:51 AM|08/10/2026 05:33:29 AM|34m 38s|TPBOG001|TERMINADO|DIARIO|FAMISANA|                                                                                 
594|REP_CIERRE_VIGENCIAS|08/10/2026 04:58:51 AM|08/10/2026 04:59:12 AM|21s|TPBOG001|TERMINADO|SEMANAL|FAMISANA|                                                                                         
716|RPTE_MOVILIDAD_REGIMEN|08/10/2026 04:58:53 AM|08/10/2026 04:59:45 AM|52s|TPBOG001|TERMINADO|DIARIO|FAMISANA|                                                                                        
634|634_REPORTE_CONTINGENCIA_AUDIFARMA|08/10/2026 04:58:53 AM|08/10/2026 05:00:10 AM|1m 17s|TPBOG001|TERMINADO|DIARIO|FAMISANA|                                                                         
480|REPORTE_NOVEDADES_MIPRES|08/10/2026 04:58:53 AM|08/10/2026 05:01:49 AM|2m 56s|TPBOG001|TERMINADO|DIARIO|FAMISANA, PR_BATCH|                                                                         
444|REPORTES_AUDIFARMA_ESPECIALIZADA|08/10/2026 04:58:53 AM|08/10/2026 05:03:07 AM|4m 14s|TPBOG001|TERMINADO|DIARIO|FAMISANA|                                                                           
609|REPORTE_RADICACION_LIQ|08/10/2026 04:58:53 AM|08/10/2026 05:01:20 AM|2m 27s|TPBOG001|TERMINADO|DIARIO|FAMISANA|                                                                                     
488|REPORTE_DATOS_DIRECCIONAMIENTO_RUTA_ORDINARIA|08/10/2026 04:58:54 AM|08/10/2026 05:00:18 AM|1m 24s|TPBOG001|TERMINADO|DIARIO|PR_BATCH|                                                              
403|REPORTES_HEPATITIS_C|08/10/2026 04:58:54 AM|08/10/2026 04:59:39 AM|45s|TPBOG001|TERMINADO|SEMANAL|PR_BATCH|                                                                                         
638|REP_CALIDAD_CAPITA|08/10/2026 04:58:54 AM|08/10/2026 05:02:58 AM|4m 4s|TPBOG001|TERMINADO|DIARIO|FAMISANA|                                                                                          
676|DISFARMA|08/10/2026 04:58:54 AM|08/10/2026 04:59:17 AM|23s|TPBOG001|TERMINADO|DIARIO|FAMISANA|                                                                                                      
398|REPORTES_ENFERMEDADES_HUERFANAS|08/10/2026 04:58:55 AM|08/10/2026 04:58:58 AM|3s|TPBOG001|TERMINADO|DIARIO|PR_BATCH|                                                                                
546|AUTORIZ REGIONAL CENTRO ORIENTE|08/10/2026 04:58:55 AM|08/10/2026 05:00:29 AM|1m 34s|FSBOG001|TERMINADO|DIARIO|FAMISANA|                                                                            
578|INFORME DISCAPACIDAD|08/10/2026 04:58:55 AM|08/10/2026 04:59:08 AM|13s|FSBOG001|TERMINADO|DIARIO|FAMISANA|                                                                                          
510|REPORTE_AFILIADOS_CIEL|08/10/2026 04:58:55 AM|08/10/2026 04:58:57 AM|2s|TPBOG001|TERMINADO|DIARIO|PRMASIVO|                                                                                         
645|REPORTERADGOS|08/10/2026 04:58:55 AM|08/10/2026 05:05:46 AM|6m 51s|TPBOG001|TERMINADO|DIARIO|FAMISANA|                                                                                              
510|REPORTE_AFILIADOS_CIEL|08/10/2026 04:59:01 AM|08/10/2026 04:59:02 AM|1s|TPBOG001|TERMINADO|DIARIO|PRMASIVO|                                                                                         
720|720_CONSULTACUENTAS|08/10/2026 05:01:40 AM|08/10/2026 05:01:42 AM|2s|TPBOG002|TERMINADO|DIARIO|MDE|                                                                                                 
406|REP_DEVOLUCIONES_PILOTOS|08/10/2026 05:03:58 AM|08/10/2026 05:04:35 AM|37s|TPBOG001|TERMINADO|SEMANAL|FAMISANA|                                                                                     
329|SERVICIOS NOPOS SUBSIDIADO|08/10/2026 05:04:32 AM|08/10/2026 05:06:36 AM|2m 4s|TPBOG001|TERMINADO|DIARIO|FAMISANA|                                                                                  
720|720_CONSULTACUENTAS|08/10/2026 05:06:40 AM|08/10/2026 05:06:42 AM|2s|TPBOG002|TERMINADO|DIARIO|MDE|                                                                                                 
220|GENERA FACTURAS PAC|08/10/2026 05:08:47 AM|08/10/2026 05:08:48 AM|1s|APBOG004|TERMINADO|DIARIO|APPNEPS|                                                                                             
223|ACTUALIZA ESTADOS DE FACTURAS PAGADAS O CANCELADAS|08/10/2026 05:08:47 AM|08/10/2026 05:08:48 AM|1s|APBOG004|TERMINADO|DIARIO|APPNEPS|                                                              
329|SERVICIOS NOPOS SUBSIDIADO|08/10/2026 05:08:49 AM|08/10/2026 05:09:27 AM|38s|TPBOG001|TERMINADO|DIARIO|FAMISANA|                                                                                    
720|720_CONSULTACUENTAS|08/10/2026 05:11:40 AM|08/10/2026 05:11:42 AM|2s|TPBOG002|TERMINADO|DIARIO|MDE|                                                                                                 
730|ACT BANDEJA MASTER|08/10/2026 05:13:48 AM|08/10/2026 05:14:18 AM|30s|TPBOG001|TERMINADO|DIARIO|FAMISANA|                                                                                            
720|720_CONSULTACUENTAS|08/10/2026 05:16:40 AM|08/10/2026 05:16:42 AM|2s|TPBOG002|TERMINADO|DIARIO|MDE|                                                                                                 
223|ACTUALIZA ESTADOS DE FACTURAS PAGADAS O CANCELADAS|08/10/2026 05:18:47 AM|08/10/2026 05:18:48 AM|1s|APBOG004|TERMINADO|DIARIO|APPNEPS|                                                              
220|GENERA FACTURAS PAC|08/10/2026 05:18:47 AM|08/10/2026 05:18:48 AM|1s|APBOG004|TERMINADO|DIARIO|APPNEPS|                                                                                             
346|RAD REPORTE CAPITACION|08/10/2026 05:18:49 AM|08/10/2026 05:22:55 AM|4m 6s|TPBOG001|TERMINADO|DIARIO|FAMISANA|                                                                                      
334|FACTURAS RADICADAS SUB|08/10/2026 05:18:49 AM|08/10/2026 05:18:52 AM|3s|TPBOG001|TERMINADO|DIARIO|FAMISANA|                                                                                         
720|720_CONSULTACUENTAS|08/10/2026 05:21:40 AM|08/10/2026 05:21:42 AM|2s|TPBOG002|TERMINADO|DIARIO|MDE|                                                                                                 
720|720_CONSULTACUENTAS|08/10/2026 05:26:40 AM|08/10/2026 05:26:42 AM|2s|TPBOG002|TERMINADO|DIARIO|MDE|                                                                                                 
547|JOB_EXT_PLANO_UDEA_RUN|08/10/2026 05:28:47 AM|08/10/2026 05:28:48 AM|1s|TPBOG001|TERMINADO|DIARIO|MDE|                                                                                              
271|DESCARGUE MAPISSSUPC|08/10/2026 05:28:47 AM|08/10/2026 05:28:49 AM|2s|APBOG004|TERMINADO|DIARIO|APPNEPS|                                                                                            
270|CARGA MAPIISSUPC|08/10/2026 05:28:47 AM|08/10/2026 05:28:49 AM|2s|APBOG004|TERMINADO|DIARIO|APPNEPS|                                                                                                
222|PASO DE FACTURAS POR INTERFAZ A APOTEOSYS|08/10/2026 05:28:47 AM|08/10/2026 05:28:48 AM|1s|APBOG004|TERMINADO|DIARIO|APPNEPS|                                                                       
43|ARCHIVOS IPS COLSUBSIDIOS|08/10/2026 05:28:47 AM|08/10/2026 05:31:32 AM|2m 45s|TPBOG001|TERMINADO|DIARIO|FAMISANA|                                                                                   
220|GENERA FACTURAS PAC|08/10/2026 05:28:47 AM|08/10/2026 05:28:48 AM|1s|APBOG004|TERMINADO|DIARIO|APPNEPS|                                                                                             
223|ACTUALIZA ESTADOS DE FACTURAS PAGADAS O CANCELADAS|08/10/2026 05:28:47 AM|08/10/2026 05:28:48 AM|1s|APBOG004|TERMINADO|DIARIO|APPNEPS|                                                              
303|MOVILIDAD PROGRAMADA|08/10/2026 05:28:47 AM|08/10/2026 05:30:13 AM|1m 26s|BDBOG001|TERMINADO|DIARIO|FAMISANA|                                                                                       
55|TAREA_4_CARGUESUPCV5|08/10/2026 05:28:48 AM|08/10/2026 05:28:49 AM|1s|APBOG004|TERMINADO|DIARIO|APPNEPS|                                                                                             
730|ACT BANDEJA MASTER|08/10/2026 05:28:49 AM|08/10/2026 05:29:17 AM|28s|TPBOG001|TERMINADO|DIARIO|FAMISANA|                                                                                            
552|REPORTE INTERCIUDADES|08/10/2026 05:28:49 AM|08/10/2026 05:30:34 AM|1m 45s|TPBOG001|TERMINADO|DIARIO|FAMISANA|                                                                                      
69|IPS_SALUD|08/10/2026 05:28:54 AM|08/10/2026 05:29:18 AM|24s|FSBOG001|TERMINADO|SEMANAL|FAMISANA|                                                                                                     
720|720_CONSULTACUENTAS|08/10/2026 05:31:40 AM|08/10/2026 05:31:42 AM|2s|TPBOG002|TERMINADO|DIARIO|MDE|                                                                                                 
335|REP RADICACION IPS PRIORIZADAS|08/10/2026 05:33:48 AM|08/10/2026 05:33:51 AM|3s|TPBOG001|TERMINADO|DIARIO|FAMISANA|                                                                                 
720|720_CONSULTACUENTAS|08/10/2026 05:36:40 AM|08/10/2026 05:36:42 AM|2s|TPBOG002|TERMINADO|DIARIO|MDE|                                                                                                 
223|ACTUALIZA ESTADOS DE FACTURAS PAGADAS O CANCELADAS|08/10/2026 05:38:47 AM|08/10/2026 05:38:48 AM|1s|APBOG004|TERMINADO|DIARIO|APPNEPS|                                                              
220|GENERA FACTURAS PAC|08/10/2026 05:38:47 AM|08/10/2026 05:38:48 AM|1s|APBOG004|TERMINADO|DIARIO|APPNEPS|                                                                                             
720|720_CONSULTACUENTAS|08/10/2026 05:41:40 AM|08/10/2026 05:41:42 AM|2s|TPBOG002|TERMINADO|DIARIO|MDE|                                                                                                 
730|ACT BANDEJA MASTER|08/10/2026 05:43:47 AM|08/10/2026 05:44:18 AM|31s|TPBOG001|TERMINADO|DIARIO|FAMISANA|                                                                                            
301|AUTORIZACIONES DE MEDICAMENTOS - ETICOS SERRANO|08/10/2026 05:43:49 AM|08/10/2026 05:44:19 AM|30s|APBOG006|TERMINADO|DIARIO|FAMISANA|                                                               
603|REPORTE_ACTIVOS_TUTELAS|08/10/2026 05:43:50 AM|08/10/2026 05:44:04 AM|14s|TPBOG001|TERMINADO|DIARIO|FAMISANA|                                                                                       
372|RADICADOS NOPBS SMS|08/10/2026 05:43:55 AM|08/10/2026 05:44:59 AM|1m 4s|FSBOG001|TERMINADO|DIARIO|FAMISANA|                                                                                         
720|720_CONSULTACUENTAS|08/10/2026 05:46:40 AM|08/10/2026 05:46:42 AM|2s|TPBOG002|TERMINADO|DIARIO|MDE|                                                                                                 
223|ACTUALIZA ESTADOS DE FACTURAS PAGADAS O CANCELADAS|08/10/2026 05:48:47 AM|08/10/2026 05:48:48 AM|1s|APBOG004|TERMINADO|DIARIO|APPNEPS|                                                              
220|GENERA FACTURAS PAC|08/10/2026 05:48:47 AM|08/10/2026 05:48:48 AM|1s|APBOG004|TERMINADO|DIARIO|APPNEPS|                                                                                             
720|720_CONSULTACUENTAS|08/10/2026 05:51:40 AM|08/10/2026 05:51:42 AM|2s|TPBOG002|TERMINADO|DIARIO|MDE|                                                                                                 
720|720_CONSULTACUENTAS|08/10/2026 05:56:40 AM|08/10/2026 05:56:42 AM|2s|TPBOG002|TERMINADO|DIARIO|MDE|                                                                                                 
303|MOVILIDAD PROGRAMADA|08/10/2026 05:58:46 AM|08/10/2026 06:07:04 AM|8m 18s|BDBOG001|TERMINADO|DIARIO|FAMISANA|                                                                                       
270|CARGA MAPIISSUPC|08/10/2026 05:58:47 AM|08/10/2026 05:58:48 AM|1s|APBOG004|TERMINADO|DIARIO|APPNEPS|                                                                                                
222|PASO DE FACTURAS POR INTERFAZ A APOTEOSYS|08/10/2026 05:58:47 AM|08/10/2026 05:58:48 AM|1s|APBOG004|TERMINADO|DIARIO|APPNEPS|                                                                       
223|ACTUALIZA ESTADOS DE FACTURAS PAGADAS O CANCELADAS|08/10/2026 05:58:47 AM|08/10/2026 05:58:48 AM|1s|APBOG004|TERMINADO|DIARIO|APPNEPS|                                                              
220|GENERA FACTURAS PAC|08/10/2026 05:58:47 AM|08/10/2026 05:58:48 AM|1s|APBOG004|TERMINADO|DIARIO|APPNEPS|                                                                                             
354|MOVILIDAD DNP|08/10/2026 05:58:48 AM|08/10/2026 05:58:56 AM|8s|TPBOG001|TERMINADO|DIARIO|FAMISANA|                                                                                                  
271|DESCARGUE MAPISSSUPC|08/10/2026 05:58:48 AM|08/10/2026 05:58:49 AM|1s|APBOG004|TERMINADO|DIARIO|APPNEPS|                                                                                            
730|ACT BANDEJA MASTER|08/10/2026 05:58:48 AM|08/10/2026 05:59:19 AM|31s|TPBOG001|TERMINADO|DIARIO|FAMISANA|                                                                                            
547|JOB_EXT_PLANO_UDEA_RUN|08/10/2026 05:58:48 AM|08/10/2026 05:58:50 AM|2s|TPBOG001|TERMINADO|DIARIO|MDE|                                                                                              
55|TAREA_4_CARGUESUPCV5|08/10/2026 05:58:48 AM|08/10/2026 05:58:49 AM|1s|APBOG004|TERMINADO|DIARIO|APPNEPS|                                                                                             
261|JOB CUMPLEA¿OS|08/10/2026 05:58:49 AM|08/10/2026 06:01:02 AM|2m 13s|TPBOG002|TERMINADO|DIARIO|NOM|                                                                                                  
581|REP_CARGUE_RIPS_441|08/10/2026 05:58:50 AM|08/10/2026 05:59:05 AM|15s|TPBOG001|TERMINADO|DIARIO|PRMASIVO|                                                                                           
591|REP_AUT_FIBROSIS|08/10/2026 05:58:50 AM|08/10/2026 05:59:06 AM|16s|TPBOG001|TERMINADO|DIARIO|FAMISANA|                                                                                              
664|FTP_FACTURACION_ELECTRONICA|08/10/2026 05:58:51 AM|08/10/2026 06:16:46 AM|17m 55s|TPBOG001|TERMINADO|DIARIO|BI|                                                                                     
526|TXT_COVID4|08/10/2026 05:58:51 AM|08/10/2026 05:59:05 AM|14s|TPBOG001|TERMINADO|DIARIO|APPNEPS|                                                                                                     
602|RADICACION_PORTAL_TRANSCRIPCION|08/10/2026 05:58:51 AM|08/10/2026 05:59:06 AM|15s|TPBOG001|TERMINADO|DIARIO|APPNEPS|                                                                                
413|REP_CONTROL_GLOSA_95|08/10/2026 05:58:51 AM|08/10/2026 06:12:37 AM|13m 46s|TPBOG001|TERMINADO|DIARIO|FAMISANA|                                                                                      
663|AUTORIZACIONES_EVT|08/10/2026 05:58:52 AM|08/10/2026 05:58:57 AM|5s|TPBOG001|TERMINADO|DIARIO|FAMISANA|                                                                                             
527|TXT_COVID4_PYP|08/10/2026 05:58:52 AM|08/10/2026 05:59:28 AM|36s|TPBOG001|TERMINADO|DIARIO|APPNEPS|                                                                                                 
12|CAMBIODOC|08/10/2026 05:58:52 AM|08/10/2026 05:59:05 AM|13s|TPBOG001|TERMINADO|DIARIO|FAMISANA|                                                                                                      
563|REP_PRESCRIPCIONES_AYA|08/10/2026 05:58:52 AM|08/10/2026 05:58:54 AM|2s|TPBOG001|TERMINADO|DIARIO|MDE|                                                                                              
373|ACT ESTADO GRIC|08/10/2026 05:58:54 AM|08/10/2026 05:59:08 AM|14s|FSBOG001|TERMINADO|DIARIO|FAMISANA|                                                                                               
535|AUDITORIA_INCAPACIDADES_DIARIO|08/10/2026 05:58:55 AM|08/10/2026 05:59:35 AM|40s|FSBOG001|TERMINADO|DIARIO|FAMISANA|                                                                                
243|AUTORIZACIONES DE MEDICAMENTOS - AUDIFARMA|08/10/2026 05:59:49 AM|||APBOG006|ERROR|DIARIO|FAMISANA|                                                                                                 
18|DETALLE_AFILIADOS_MES|01/10/2026 05:58:58 AM|||FSBOG001|EN EJECUCION|MENSUAL|FAMISANA|                                                                                                               
124|REP AFILIADOS - ASESOR|03/10/2026 01:58:50 AM|||TPBOG001|EN EJECUCION|SEMANAL|FAMISANA|                                                                                                             
686|REPORTE_GT007|01/07/2026 05:59:39 AM|||TPBOG001|EN EJECUCION|SEMESTRAL|APPNEPS|                                                                                                                     
131|14_PAGOS_TESORERIA|14/09/2026 10:58:58 PM|||APBOG006|EN EJECUCION|DIARIO|CONT|                                                                                                                      
18|DETALLE_AFILIADOS_MES|01/10/2026 05:58:58 AM|||FSBOG001|EN EJECUCION|MENSUAL|FAMISANA|                                                                                                               
479|PACIENTES_PRIORIZADOS|07/10/2026 12:59:46 AM|||TPBOG001|EN EJECUCION|DIARIO|MDE|                                                                                                                    
128|REP FACTURAS - ASESOR|02/10/2026 04:58:51 PM|||TPBOG001|EN EJECUCION|SEMANAL|BI|                                                                                                                    
7|AFILIADOS_CONTACTO_TELEFONICO|05/10/2026 02:06:48 AM|||FSBOG001|EN EJECUCION|SEMANAL|FAMISANA|                                                                                                        
579|REPORTE_CALIDAD|07/10/2026 08:28:50 PM|||TPBOG001|EN EJECUCION|DIARIO|FAMISANA, BI|                                                                                                                 
114|PERFILES_PORTAL|05/10/2026 04:00:21 AM|||FSBOG001|EN EJECUCION|SEMANAL|FAMISANA|                                                                                                                    
236|REP_CTC_GESTION_DIA|07/10/2026 04:00:26 AM|||FSBOG001|EN EJECUCION|DIARIO|FAMISANA|                                                                                                                 
